Permissions_Count,Network_Requests,Cookie_Access,API_Calls,Extension_ID,Week,Label,Label_Encoded,Anomaly_Score,Predicted_Label
-0.2557554703709406,-0.3043399033159065,-0.7129485436850859,-0.5546135428381197,ext_754,1,Normal,0,0.08726251195099594,0
0.3215706478478868,-0.3636978186139067,1.4026257699205102,-0.6657436943552423,ext_792,1,Normal,0,0.0133718502955672,0
0.3215706478478868,-0.1618809066007061,-0.7129485436850859,-0.0545278610110681,ext_195,2,Normal,0,0.046898056601671845,0
0.3215706478478868,-0.2331104049583063,-0.7129485436850859,-0.1841797044477111,ext_833,3,Normal,0,0.07777751803498978,0
-0.5444185294803544,-0.2331104049583063,-0.7129485436850859,-0.3879183155624359,ext_928,2,Normal,0,0.06960797408049879,0
-0.2557554703709406,-0.3518262355543067,-0.7129485436850859,-0.2582664721257929,ext_320,1,Normal,0,0.08377442565431786,0
0.3215706478478868,-0.2924683202563065,-0.7129485436850859,-0.1656580125281907,ext_467,1,Normal,0,0.07295610961872939,0
2.342212061613784,5.23968938551731,1.4026257699205102,4.020244361283425,ext_487,3,Suspicious,1,-0.13673454344428282,1
-0.8330815885897681,-0.3755694016735068,-0.7129485436850859,-0.3693966236429154,ext_691,1,Normal,0,0.031774335524727415,0
-0.8330815885897681,-0.2449819880179063,-0.7129485436850859,-0.1656580125281907,ext_975,3,Normal,0,0.08116520445532549,0
-0.5444185294803544,-0.2924683202563065,-0.7129485436850859,0.001037214747493,ext_266,2,Normal,0,0.07433405812511912,0
-0.5444185294803544,-0.2212388218987063,1.4026257699205102,-0.3879183155624359,ext_646,2,Normal,0,0.06172082951195956,0
-0.8330815885897681,-0.3043399033159065,-0.7129485436850859,-0.3323532398038746,ext_801,4,Normal,0,0.07598686509985525,0
3.785527357160852,5.524607378947711,1.4026257699205102,4.446243275432395,ext_374,3,Suspicious,1,-0.1842513893701737,1
0.0329075887384731,-0.150009323541106,1.4026257699205102,-0.5360918509185993,ext_317,3,Normal,0,0.017147870496337814,0
0.3215706478478868,-0.1856240727199062,-0.7129485436850859,-0.0174844771720273,ext_242,4,Normal,0,0.05044417038891197,0
-0.5444185294803544,-0.3399546524947066,1.4026257699205102,-0.610178618596681,ext_697,1,Normal,0,0.03301790457847531,0
-0.5444185294803544,-0.2331104049583063,-0.7129485436850859,-0.2582664721257929,ext_981,4,Normal,0,0.08289884180812862,0
0.3215706478478868,-0.2924683202563065,-0.7129485436850859,0.0936456743450952,ext_710,1,Normal,0,0.0347920726207791,0
-0.2557554703709406,-0.150009323541106,-0.7129485436850859,-0.5731352347576402,ext_798,3,Normal,0,0.018213909517639904,0
-0.8330815885897681,-0.2924683202563065,-0.7129485436850859,-0.1100929367696294,ext_545,1,Normal,0,0.08435494712521119,0
0.3215706478478868,-0.1618809066007061,-0.7129485436850859,-0.5360918509185993,ext_991,3,Normal,0,0.0407915002030641,0
0.3215706478478868,-0.3874409847331068,-0.7129485436850859,-0.1286146286891498,ext_880,1,Normal,0,0.02294418987532354,0
-0.2557554703709406,-0.3043399033159065,-0.7129485436850859,-0.4249616994014767,ext_214,1,Normal,0,0.09275684398486927,0
-0.8330815885897681,-0.1856240727199062,-0.7129485436850859,-0.5546135428381197,ext_187,4,Normal,0,0.04603042308562516,0
0.3215706478478868,-0.1618809066007061,1.4026257699205102,-0.4620050832405176,ext_662,2,Normal,0,0.016444513792221338,0
-0.2557554703709406,-0.2212388218987063,1.4026257699205102,-0.5731352347576402,ext_830,2,Normal,0,0.06789740094314656,0
1.187559825176128,3.7794846691865054,1.4026257699205102,3.6683322148125375,ext_330,2,Suspicious,1,-0.1349403675010169,1
-0.8330815885897681,-0.150009323541106,-0.7129485436850859,-0.4434833913209972,ext_702,1,Normal,0,0.014476973552576045,0
-0.8330815885897681,-0.1974956557795062,-0.7129485436850859,-0.3879183155624359,ext_132,4,Normal,0,0.05238078514197447,0
0.3215706478478868,-0.1737524896603061,1.4026257699205102,-0.4249616994014767,ext_319,4,Normal,0,0.02432342606983251,0
-0.8330815885897681,-0.3518262355543067,1.4026257699205102,-0.2953098559648337,ext_926,4,Normal,0,0.03288242531714092,0
-0.8330815885897681,-0.150009323541106,-0.7129485436850859,-0.6472220024357218,ext_520,4,Normal,0,-0.0007143371739047888,1
-0.8330815885897681,-0.3043399033159065,-0.7129485436850859,-0.480526775160038,ext_845,4,Normal,0,0.06359470088190922,0
-0.2557554703709406,-0.2212388218987063,-0.7129485436850859,-0.6287003105162015,ext_243,4,Normal,0,0.0676624939171267,0
0.3215706478478868,-0.3518262355543067,-0.7129485436850859,0.0566022905060543,ext_927,1,Normal,0,0.02882516483761044,0
-0.5444185294803544,-0.3280830694351066,1.4026257699205102,-0.1286146286891498,ext_195,4,Normal,0,0.06542574732396211,0
-0.8330815885897681,-0.3280830694351066,1.4026257699205102,-0.7027870781942831,ext_318,4,Normal,0,-0.020719254489008687,1
0.0329075887384731,-0.2805967371967064,1.4026257699205102,0.1121673662646156,ext_371,4,Normal,0,0.033071781378614884,0
-0.5444185294803544,-0.3755694016735068,-0.7129485436850859,-0.3323532398038746,ext_258,1,Normal,0,0.05511369776905206,0
0.3215706478478868,-0.1974956557795062,-0.7129485436850859,-0.6472220024357218,ext_151,1,Normal,0,0.02731162731302239,0
0.3215706478478868,-0.3636978186139067,-0.7129485436850859,-0.2397447802062724,ext_971,1,Normal,0,0.051858681338314006,0
0.3215706478478868,-0.3755694016735068,-0.7129485436850859,-0.221223088286752,ext_683,3,Normal,0,0.04651528398599819,0
-0.2557554703709406,-0.3043399033159065,-0.7129485436850859,-0.2397447802062724,ext_367,2,Normal,0,0.09696556259057554,0
0.0329075887384731,-0.2687251541371064,-0.7129485436850859,-0.7027870781942831,ext_787,4,Normal,0,0.044527009332247125,0
-0.8330815885897681,-0.3636978186139067,-0.7129485436850859,-0.1100929367696294,ext_736,3,Normal,0,0.050276762240822004,0
-0.8330815885897681,-0.3043399033159065,-0.7129485436850859,-0.3693966236429154,ext_235,2,Normal,0,0.07395882988550634,0
-0.2557554703709406,-0.1618809066007061,-0.7129485436850859,0.0751239824255748,ext_548,3,Normal,0,0.03467403301159777,0
-0.5444185294803544,-0.2924683202563065,-0.7129485436850859,-0.5916569266771605,ext_779,2,Normal,0,0.0695346008067822,0
-0.5444185294803544,-0.2687251541371064,-0.7129485436850859,0.0936456743450952,ext_378,3,Normal,0,0.051971778795775914,0
-0.8330815885897681,-0.3636978186139067,1.4026257699205102,-0.3879183155624359,ext_617,1,Normal,0,0.015196642969637075,0
-0.5444185294803544,-0.150009323541106,-0.7129485436850859,-0.5175701589990789,ext_103,4,Normal,0,0.03217902385347948,0
0.3215706478478868,-0.3874409847331068,-0.7129485436850859,-0.6287003105162015,ext_664,2,Normal,0,0.00197421319818869,0
2.6308751207231973,3.743869920007705,1.4026257699205102,3.6683322148125375,ext_658,2,Suspicious,1,-0.10791646403406352,1
-0.2557554703709406,-0.2568535710775064,-0.7129485436850859,-0.2953098559648337,ext_540,2,Normal,0,0.0970728474384096,0
-0.8330815885897681,-0.2568535710775064,1.4026257699205102,0.0195589066670135,ext_798,2,Normal,0,0.052710786881232374,0
-0.5444185294803544,-0.2331104049583063,-0.7129485436850859,-0.4990484670795584,ext_342,3,Normal,0,0.06874044463186907,0
-0.5444185294803544,-0.2924683202563065,-0.7129485436850859,0.1121673662646156,ext_901,1,Normal,0,0.05296721509707014,0
0.0329075887384731,-0.3043399033159065,-0.7129485436850859,-0.1656580125281907,ext_491,3,Normal,0,0.09713008045595667,0
-0.5444185294803544,-0.3043399033159065,-0.7129485436850859,0.0751239824255748,ext_412,2,Normal,0,0.05496422251890265,0
-0.8330815885897681,-0.2924683202563065,-0.7129485436850859,0.0566022905060543,ext_508,4,Normal,0,0.041035099489152516,0
0.3215706478478868,-0.2687251541371064,-0.7129485436850859,-0.5731352347576402,ext_795,3,Normal,0,0.050331426649043054,0
-0.2557554703709406,-0.3755694016735068,-0.7129485436850859,0.001037214747493,ext_282,4,Normal,0,0.05235390227026582,0
-0.2557554703709406,-0.2331104049583063,-0.7129485436850859,-0.2582664721257929,ext_453,2,Normal,0,0.09516485408385567,0
2.9195381798326108,0.206138168246895,1.4026257699205102,3.520158679456374,ext_360,2,Suspicious,1,-0.11639017995105339,1
-0.2557554703709406,-0.1618809066007061,-0.7129485436850859,0.0751239824255748,ext_472,1,Normal,0,0.03467403301159777,0
0.3215706478478868,-0.2805967371967064,1.4026257699205102,-0.3323532398038746,ext_837,4,Normal,0,0.046227247633598645,0
-0.5444185294803544,-0.3162114863755065,1.4026257699205102,0.0751239824255748,ext_813,4,Normal,0,0.043770535546292955,0
-0.5444185294803544,-0.1618809066007061,-0.7129485436850859,-0.2397447802062724,ext_793,1,Normal,0,0.057040456783974625,0
0.0329075887384731,-0.1737524896603061,-0.7129485436850859,-0.1656580125281907,ext_411,4,Normal,0,0.07952091392721117,0
0.3215706478478868,-0.2093672388391062,-0.7129485436850859,0.0751239824255748,ext_552,1,Normal,0,0.0422584088901774,0
0.3215706478478868,-0.2687251541371064,-0.7129485436850859,-0.4249616994014767,ext_390,3,Normal,0,0.05341556414369453,0
-0.5444185294803544,-0.3874409847331068,-0.7129485436850859,-0.4249616994014767,ext_330,4,Normal,0,0.03046932223569465,0
-0.8330815885897681,-0.2212388218987063,1.4026257699205102,0.0380805985865339,ext_725,2,Normal,0,0.047429201195411386,0
0.0329075887384731,-0.2449819880179063,-0.7129485436850859,-0.5360918509185993,ext_835,1,Normal,0,0.07577038904488581,0
-0.8330815885897681,-0.2331104049583063,-0.7129485436850859,-0.4990484670795584,ext_868,4,Normal,0,0.05436972675433649,0
-0.8330815885897681,-0.2212388218987063,-0.7129485436850859,-0.1656580125281907,ext_151,3,Normal,0,0.06816607644224698,0
0.3215706478478868,-0.1974956557795062,1.4026257699205102,-0.0545278610110681,ext_873,4,Normal,0,0.03691942382525637,0
0.0329075887384731,-0.2212388218987063,-0.7129485436850859,-0.4249616994014767,ext_262,3,Normal,0,0.07470054392046083,0
0.0329075887384731,-0.150009323541106,-0.7129485436850859,-0.3879183155624359,ext_884,4,Normal,0,0.02003047858771634,0
-0.5444185294803544,-0.2924683202563065,-0.7129485436850859,-0.3323532398038746,ext_179,1,Normal,0,0.08504665298027969,0
0.0329075887384731,-0.3399546524947066,-0.7129485436850859,-0.6287003105162015,ext_241,4,Normal,0,0.07586328782310536,0
0.0329075887384731,-0.2331104049583063,-0.7129485436850859,-0.4620050832405176,ext_517,4,Normal,0,0.07153530108969458,0
0.3215706478478868,-0.3874409847331068,1.4026257699205102,-0.1471363206086703,ext_498,1,Normal,0,-0.0017121792257631663,1
0.0329075887384731,-0.2331104049583063,-0.7129485436850859,-0.1286146286891498,ext_460,2,Normal,0,0.10202016748292614,0
-0.8330815885897681,-0.2449819880179063,-0.7129485436850859,0.0751239824255748,ext_379,4,Normal,0,0.042441537361643134,0
0.0329075887384731,-0.3399546524947066,-0.7129485436850859,-0.2397447802062724,ext_841,1,Normal,0,0.09333194029161829,0
-0.5444185294803544,-0.2212388218987063,-0.7129485436850859,-0.6472220024357218,ext_185,3,Normal,0,0.049390318521406906,0
0.0329075887384731,-0.2687251541371064,-0.7129485436850859,-0.2582664721257929,ext_488,3,Normal,0,0.10153554183780333,0
0.0329075887384731,-0.2924683202563065,-0.7129485436850859,-0.1471363206086703,ext_870,1,Normal,0,0.1039637129010737,0
-0.2557554703709406,-0.3043399033159065,-0.7129485436850859,0.0566022905060543,ext_867,1,Normal,0,0.06621203187169183,0
2.053549002504369,1.4170396403260987,1.4026257699205102,1.1493821137577596,ext_872,2,Suspicious,1,-0.11321914610416506,1
-0.8330815885897681,-0.1737524896603061,-0.7129485436850859,-0.1656580125281907,ext_344,3,Normal,0,0.05018250394588486,0
0.3215706478478868,-0.1618809066007061,-0.7129485436850859,-0.5175701589990789,ext_885,3,Normal,0,0.04325873501760297,0
-0.2557554703709406,-0.1737524896603061,1.4026257699205102,-0.2397447802062724,ext_210,2,Normal,0,0.07060441290066471,0
-0.5444185294803544,-0.3518262355543067,-0.7129485436850859,0.0936456743450952,ext_177,1,Normal,0,0.037556777720815004,0
-0.8330815885897681,-0.2568535710775064,1.4026257699205102,0.0751239824255748,ext_915,3,Normal,0,0.04014544640532891,0
-0.2557554703709406,-0.3874409847331068,1.4026257699205102,-0.1286146286891498,ext_170,1,Normal,0,0.021130728475553084,0
0.0329075887384731,-0.3399546524947066,1.4026257699205102,-0.4990484670795584,ext_543,3,Normal,0,0.03888098096641368,0
0.3215706478478868,-0.2093672388391062,1.4026257699205102,-0.2027013963672316,ext_730,3,Normal,0,0.04818366522103834,0
-0.8330815885897681,-0.2924683202563065,1.4026257699205102,-0.4249616994014767,ext_430,4,Normal,0,0.025589495980773758,0
0.0329075887384731,-0.2687251541371064,-0.7129485436850859,-0.1286146286891498,ext_683,3,Normal,0,0.10092154672129955,0
-0.2557554703709406,-0.2924683202563065,-0.7129485436850859,-0.3879183155624359,ext_286,3,Normal,0,0.09626642326645662,0
2.053549002504369,0.7166162398096966,1.4026257699205102,2.186596861250904,ext_669,4,Suspicious,1,-0.10144121439094367,1
-0.5444185294803544,-0.2093672388391062,1.4026257699205102,-0.1841797044477111,ext_600,1,Normal,0,0.06329732508757752,0
0.0329075887384731,-0.3043399033159065,-0.7129485436850859,0.0751239824255748,ext_195,3,Normal,0,0.06976442558847923,0
-0.2557554703709406,-0.2331104049583063,-0.7129485436850859,-0.2953098559648337,ext_584,4,Normal,0,0.09222591536037245,0
-0.5444185294803544,-0.3518262355543067,-0.7129485436850859,-0.3323532398038746,ext_377,1,Normal,0,0.07687899700575507,0
-0.5444185294803544,-0.3162114863755065,-0.7129485436850859,-0.1471363206086703,ext_860,3,Normal,0,0.07858773104541172,0
0.3215706478478868,-0.1618809066007061,-0.7129485436850859,-0.5916569266771605,ext_841,2,Normal,0,0.03377927136140191,0
-0.5444185294803544,-0.2805967371967064,-0.7129485436850859,0.1306890581841361,ext_403,2,Normal,0,0.045821354129627956,0
1.187559825176128,3.565796174113705,1.4026257699205102,2.427378856204669,ext_380,2,Suspicious,1,-0.12013262874857589,1
0.0329075887384731,-0.3518262355543067,-0.7129485436850859,-0.0360061690915477,ext_753,3,Normal,0,0.0819869188420762,0
-0.2557554703709406,-0.3280830694351066,-0.7129485436850859,-0.4064400074819563,ext_580,4,Normal,0,0.0825674042079031,0
0.0329075887384731,-0.2093672388391062,-0.7129485436850859,-0.0360061690915477,ext_216,1,Normal,0,0.09691511668441993,0
0.3215706478478868,-0.2805967371967064,-0.7129485436850859,-0.4249616994014767,ext_255,1,Normal,0,0.0540606939373281,0
0.3215706478478868,-0.1618809066007061,-0.7129485436850859,-0.091571244850109,ext_671,4,Normal,0,0.050858992290019944,0
-0.2557554703709406,-0.1737524896603061,1.4026257699205102,-0.350874931723395,ext_561,1,Normal,0,0.066222317620236,0
-0.8330815885897681,-0.3162114863755065,-0.7129485436850859,-0.4064400074819563,ext_724,1,Normal,0,0.06519881953189005,0
0.3215706478478868,-0.3636978186139067,-0.7129485436850859,-0.7027870781942831,ext_260,4,Normal,0,-0.001903283018096058,1
0.0329075887384731,-0.2805967371967064,-0.7129485436850859,-0.4434833913209972,ext_561,3,Normal,0,0.08297554345937574,0
0.0329075887384731,-0.3636978186139067,-0.7129485436850859,-0.4064400074819563,ext_823,2,Normal,0,0.07173547845127487,0
-0.5444185294803544,-0.150009323541106,-0.7129485436850859,-0.3879183155624359,ext_535,2,Normal,0,0.03277148886661796,0
4.651516534489094,2.0699767086041008,1.4026257699205102,3.872070825927262,ext_173,3,Suspicious,1,-0.1378385556921523,1
-0.2557554703709406,-0.2449819880179063,-0.7129485436850859,-0.1100929367696294,ext_549,4,Normal,0,0.1026040285937746,0
1.187559825176128,2.8297580244185028,1.4026257699205102,4.538851735029997,ext_548,3,Suspicious,1,-0.15507974078292752,1
-0.8330815885897681,-0.3043399033159065,-0.7129485436850859,0.0936456743450952,ext_718,3,Normal,0,0.04085751169131835,0
4.651516534489094,1.2627090605512985,1.4026257699205102,3.2793766845026084,ext_690,4,Suspicious,1,-0.14191080717876203,1
0.3215706478478868,-0.2331104049583063,1.4026257699205102,-0.610178618596681,ext_384,4,Normal,0,0.03709528917066318,0
-0.2557554703709406,-0.3518262355543067,-0.7129485436850859,-0.3138315478843542,ext_456,4,Normal,0,0.08038983728890503,0
0.0329075887384731,-0.1856240727199062,-0.7129485436850859,-0.1656580125281907,ext_810,1,Normal,0,0.09056739706070521,0
-0.8330815885897681,-0.2449819880179063,-0.7129485436850859,0.0751239824255748,ext_422,4,Normal,0,0.042441537361643134,0
3.4968642980514386,2.402381034272901,1.4026257699205102,4.001722669363905,ext_523,4,Suspicious,1,-0.09555750562047327,1
-0.8330815885897681,-0.3162114863755065,-0.7129485436850859,-0.0545278610110681,ext_740,2,Normal,0,0.06712078022227957,0
0.0329075887384731,-0.3518262355543067,-0.7129485436850859,0.0380805985865339,ext_394,2,Normal,0,0.0680339729066683,0
0.3215706478478868,-0.3874409847331068,1.4026257699205102,-0.610178618596681,ext_826,2,Normal,0,0.0015444942529401207,0
0.0329075887384731,-0.3518262355543067,-0.7129485436850859,-0.1286146286891498,ext_961,3,Normal,0,0.08993228769459166,0
0.0329075887384731,-0.2093672388391062,1.4026257699205102,-0.4249616994014767,ext_621,4,Normal,0,0.056195694167471,0
-0.5444185294803544,-0.1618809066007061,-0.7129485436850859,-0.6287003105162015,ext_664,3,Normal,0,0.03860240187053876,0
0.0329075887384731,-0.2687251541371064,-0.7129485436850859,-0.7027870781942831,ext_891,3,Normal,0,0.044527009332247125,0
0.3215706478478868,-0.1737524896603061,1.4026257699205102,-0.5360918509185993,ext_843,4,Normal,0,0.024980561609028618,0
-0.2557554703709406,-0.1856240727199062,1.4026257699205102,-0.1656580125281907,ext_651,3,Normal,0,0.07378071094993705,0
-0.5444185294803544,-0.1737524896603061,1.4026257699205102,-0.4434833913209972,ext_990,4,Normal,0,0.047987200090104876,0
0.0329075887384731,-0.2449819880179063,1.4026257699205102,0.0751239824255748,ext_144,2,Normal,0,0.05115940146671272,0
-0.5444185294803544,-0.1974956557795062,-0.7129485436850859,-0.5916569266771605,ext_607,4,Normal,0,0.05649986107112359,0
0.0329075887384731,-0.3874409847331068,-0.7129485436850859,-0.221223088286752,ext_202,2,Normal,0,0.049202969526655815,0
-0.2557554703709406,-0.2687251541371064,1.4026257699205102,0.0566022905060543,ext_176,1,Normal,0,0.06477938568194991,0
0.3215706478478868,-0.2449819880179063,-0.7129485436850859,0.0380805985865339,ext_972,4,Normal,0,0.05771250845806991,0
0.3215706478478868,-0.3636978186139067,-0.7129485436850859,0.0380805985865339,ext_993,3,Normal,0,0.030656814916375286,0
0.0329075887384731,-0.3518262355543067,-0.7129485436850859,-0.1841797044477111,ext_332,2,Normal,0,0.09473607708561865,0
-0.8330815885897681,-0.3755694016735068,-0.7129485436850859,-0.6472220024357218,ext_810,3,Normal,0,0.005445551566550466,0
-0.5444185294803544,-0.3043399033159065,1.4026257699205102,-0.0360061690915477,ext_467,2,Normal,0,0.0634233372345428,0
0.3215706478478868,-0.2449819880179063,-0.7129485436850859,-0.1286146286891498,ext_274,2,Normal,0,0.07754113359056641,0
-0.2557554703709406,-0.2212388218987063,-0.7129485436850859,0.0751239824255748,ext_337,1,Normal,0,0.060838394706282606,0
-0.2557554703709406,-0.1856240727199062,-0.7129485436850859,-0.6287003105162015,ext_923,4,Normal,0,0.060985240463675205,0
-0.2557554703709406,-0.150009323541106,1.4026257699205102,0.1121673662646156,ext_453,3,Normal,0,0.021640716908412516,0
-0.5444185294803544,-0.2449819880179063,1.4026257699205102,-0.5916569266771605,ext_567,2,Normal,0,0.05433824619285205,0
0.3215706478478868,-0.2805967371967064,-0.7129485436850859,-0.6842653862747627,ext_490,4,Normal,0,0.018946969493836452,0
4.074190416270266,4.931028225967709,1.4026257699205102,4.575895118869038,ext_381,1,Suspicious,1,-0.1653469645832517,1
-0.2557554703709406,-0.3043399033159065,-0.7129485436850859,-0.4434833913209972,ext_720,2,Normal,0,0.0927472166120551,0
-0.5444185294803544,-0.150009323541106,-0.7129485436850859,0.0380805985865339,ext_735,1,Normal,0,0.0163773799718111,0
-0.8330815885897681,-0.1737524896603061,-0.7129485436850859,-0.5546135428381197,ext_416,1,Normal,0,0.03764904490517673,0
0.0329075887384731,-0.3280830694351066,-0.7129485436850859,-0.5546135428381197,ext_402,3,Normal,0,0.08282086647223591,0
-0.2557554703709406,-0.3280830694351066,-0.7129485436850859,-0.1471363206086703,ext_643,3,Normal,0,0.08792351273509619,0
-0.8330815885897681,-0.2212388218987063,-0.7129485436850859,-0.5360918509185993,ext_864,2,Normal,0,0.055097349217577585,0
0.0329075887384731,-0.1856240727199062,-0.7129485436850859,-0.610178618596681,ext_980,4,Normal,0,0.055263245270081474,0
-0.8330815885897681,-0.2212388218987063,-0.7129485436850859,0.0936456743450952,ext_114,3,Normal,0,0.02841600249192744,0
-0.2557554703709406,-0.3518262355543067,-0.7129485436850859,-0.1471363206086703,ext_698,1,Normal,0,0.08719329977902224,0
0.3215706478478868,-0.2687251541371064,-0.7129485436850859,0.0566022905060543,ext_734,1,Normal,0,0.0441241925218564,0
-0.2557554703709406,-0.150009323541106,1.4026257699205102,-0.5731352347576402,ext_750,2,Normal,0,0.023754466053170775,0
-0.2557554703709406,-0.2093672388391062,-0.7129485436850859,-0.5916569266771605,ext_146,2,Normal,0,0.0753612946115742,0
0.0329075887384731,-0.2568535710775064,1.4026257699205102,-0.0174844771720273,ext_650,2,Normal,0,0.06249810906054154,0
0.0329075887384731,-0.1618809066007061,1.4026257699205102,-0.3879183155624359,ext_524,1,Normal,0,0.03895001364174633,0
0.0329075887384731,-0.2212388218987063,-0.7129485436850859,-0.2767881640453133,ext_806,1,Normal,0,0.09804014428954244,0
-0.2557554703709406,-0.3755694016735068,1.4026257699205102,-0.3879183155624359,ext_802,2,Normal,0,0.031323777308356004,0
0.0329075887384731,-0.3636978186139067,-0.7129485436850859,0.0566022905060543,ext_225,1,Normal,0,0.06151790241728394,0
-0.5444185294803544,-0.3399546524947066,-0.7129485436850859,-0.6287003105162015,ext_151,2,Normal,0,0.06487052020765105,0
-0.5444185294803544,-0.2687251541371064,-0.7129485436850859,0.001037214747493,ext_700,1,Normal,0,0.07288477647110009,0
-0.5444185294803544,-0.3399546524947066,-0.7129485436850859,-0.4990484670795584,ext_383,1,Normal,0,0.07646983794151768,0
-0.5444185294803544,-0.3874409847331068,-0.7129485436850859,-0.4249616994014767,ext_776,3,Normal,0,0.03046932223569465,0
-0.8330815885897681,-0.3399546524947066,1.4026257699205102,-0.091571244850109,ext_116,1,Normal,0,0.05475423958101833,0
3.2082012389420247,4.931028225967709,1.4026257699205102,2.7607693107560363,ext_863,1,Suspicious,1,-0.1150945518705111,1
0.3215706478478868,-0.3755694016735068,-0.7129485436850859,-0.1656580125281907,ext_562,1,Normal,0,0.045468540487090425,0
0.0329075887384731,-0.2331104049583063,-0.7129485436850859,-0.1286146286891498,ext_162,4,Normal,0,0.10202016748292614,0
-0.2557554703709406,-0.1618809066007061,-0.7129485436850859,-0.6287003105162015,ext_175,2,Normal,0,0.042050955171709425,0
0.3215706478478868,-0.1856240727199062,-0.7129485436850859,-0.2582664721257929,ext_381,3,Normal,0,0.06316126083988632,0
0.0329075887384731,-0.3518262355543067,-0.7129485436850859,0.0566022905060543,ext_564,2,Normal,0,0.06488607374168454,0
-0.5444185294803544,-0.2331104049583063,-0.7129485436850859,-0.1656580125281907,ext_540,4,Normal,0,0.08747287781329982,0
-0.2557554703709406,-0.2331104049583063,-0.7129485436850859,0.0751239824255748,ext_525,3,Normal,0,0.06389235164540757,0
0.0329075887384731,-0.3636978186139067,-0.7129485436850859,-0.610178618596681,ext_483,1,Normal,0,0.06454646380360601,0
4.36285347537968,2.461738949570902,1.4026257699205102,1.6679894875043315,ext_542,1,Suspicious,1,-0.1522862707038417,1
0.3215706478478868,-0.2687251541371064,-0.7129485436850859,-0.221223088286752,ext_700,3,Normal,0,0.07797370423481986,0
0.0329075887384731,-0.3755694016735068,-0.7129485436850859,0.001037214747493,ext_994,3,Normal,0,0.06238967141307261,0
0.3215706478478868,-0.3162114863755065,-0.7129485436850859,0.0751239824255748,ext_460,4,Normal,0,0.025199587708183535,0
-0.2557554703709406,-0.1856240727199062,-0.7129485436850859,-0.5731352347576402,ext_329,3,Normal,0,0.07003676432400935,0
0.0329075887384731,-0.1856240727199062,-0.7129485436850859,0.001037214747493,ext_687,3,Normal,0,0.08214734870267115,0
-0.2557554703709406,-0.2687251541371064,-0.7129485436850859,-0.7027870781942831,ext_129,2,Normal,0,0.04851701696311955,0
0.0329075887384731,-0.3636978186139067,-0.7129485436850859,0.0380805985865339,ext_990,1,Normal,0,0.0643652068134144,0
-0.5444185294803544,-0.2449819880179063,1.4026257699205102,-0.1656580125281907,ext_193,3,Normal,0,0.06936988630984481,0
-0.2557554703709406,-0.1737524896603061,-0.7129485436850859,-0.6472220024357218,ext_261,2,Normal,0,0.04748740897925602,0
-0.8330815885897681,-0.3636978186139067,-0.7129485436850859,-0.1841797044477111,ext_261,4,Normal,0,0.048159385738082205,0
0.0329075887384731,-0.2924683202563065,-0.7129485436850859,-0.1100929367696294,ext_597,1,Normal,0,0.10381057125339338,0
-0.2557554703709406,-0.1737524896603061,1.4026257699205102,-0.091571244850109,ext_453,3,Normal,0,0.07078302619842819,0
0.3215706478478868,-0.3755694016735068,-0.7129485436850859,-0.4620050832405176,ext_146,3,Normal,0,0.03182313246231072,0
-0.2557554703709406,-0.2805967371967064,-0.7129485436850859,-0.5731352347576402,ext_316,1,Normal,0,0.08772603695850373,0
-0.5444185294803544,-0.3399546524947066,1.4026257699205102,-0.0730495529305886,ext_609,2,Normal,0,0.0581405075520936,0
-0.2557554703709406,-0.3636978186139067,1.4026257699205102,-0.6657436943552423,ext_612,4,Normal,0,0.0247911349835096,0
-0.8330815885897681,-0.2687251541371064,1.4026257699205102,-0.0360061690915477,ext_119,4,Normal,0,0.059343804944287204,0
-0.2557554703709406,-0.3518262355543067,1.4026257699205102,-0.6842653862747627,ext_826,3,Normal,0,0.017543053484514015,0
0.3215706478478868,-0.2212388218987063,-0.7129485436850859,-0.610178618596681,ext_275,4,Normal,0,0.0489506598995188,0
0.0329075887384731,-0.1737524896603061,1.4026257699205102,-0.091571244850109,ext_964,1,Normal,0,0.0523856045469383,0
-0.2557554703709406,-0.3043399033159065,-0.7129485436850859,-0.5175701589990789,ext_505,1,Normal,0,0.08974723440084797,0
0.3215706478478868,-0.1974956557795062,-0.7129485436850859,-0.2953098559648337,ext_622,3,Normal,0,0.06620644374591089,0
-0.5444185294803544,-0.3043399033159065,-0.7129485436850859,-0.5360918509185993,ext_844,3,Normal,0,0.0813733551980097,0
-0.5444185294803544,-0.150009323541106,-0.7129485436850859,-0.4990484670795584,ext_302,4,Normal,0,0.035049547100966194,0
0.3215706478478868,-0.2212388218987063,-0.7129485436850859,0.0380805985865339,ext_575,3,Normal,0,0.05195664652453341,0
0.0329075887384731,-0.2212388218987063,-0.7129485436850859,-0.3879183155624359,ext_254,1,Normal,0,0.08152926857487769,0
-0.2557554703709406,-0.2212388218987063,1.4026257699205102,-0.6657436943552423,ext_460,1,Normal,0,0.046283916267463976,0
-0.8330815885897681,-0.150009323541106,-0.7129485436850859,0.0195589066670135,ext_477,4,Normal,0,0.00046616920047670707,0
-0.8330815885897681,-0.2212388218987063,-0.7129485436850859,-0.3323532398038746,ext_573,4,Normal,0,0.0613114913815746,0
-0.8330815885897681,-0.2212388218987063,-0.7129485436850859,-0.3138315478843542,ext_613,1,Normal,0,0.06472550248336734,0
-0.8330815885897681,-0.3043399033159065,1.4026257699205102,-0.1841797044477111,ext_616,2,Normal,0,0.05945305252178229,0
-0.2557554703709406,-0.2449819880179063,1.4026257699205102,-0.3138315478843542,ext_472,1,Normal,0,0.0847128924814034,0
-0.2557554703709406,-0.3636978186139067,-0.7129485436850859,-0.5916569266771605,ext_908,4,Normal,0,0.06593009335207595,0
0.3215706478478868,-0.3399546524947066,-0.7129485436850859,-0.610178618596681,ext_390,2,Normal,0,0.0419950218791717,0
0.0329075887384731,-0.3399546524947066,-0.7129485436850859,-0.350874931723395,ext_458,4,Normal,0,0.08793637265831916,0
-0.5444185294803544,-0.1974956557795062,-0.7129485436850859,0.0566022905060543,ext_758,4,Normal,0,0.048717419632145764,0
-0.2557554703709406,-0.2805967371967064,-0.7129485436850859,-0.4620050832405176,ext_620,3,Normal,0,0.09238303960386118,0
-0.5444185294803544,-0.3399546524947066,-0.7129485436850859,-0.6287003105162015,ext_884,3,Normal,0,0.06487052020765105,0
0.3215706478478868,-0.1856240727199062,-0.7129485436850859,0.0751239824255748,ext_964,3,Normal,0,0.03453935600054869,0
-0.5444185294803544,-0.1618809066007061,1.4026257699205102,-0.5360918509185993,ext_997,2,Normal,0,0.033982139742948614,0
0.3215706478478868,-0.3280830694351066,1.4026257699205102,-0.6657436943552423,ext_285,4,Normal,0,0.023759431841821832,0
-0.5444185294803544,-0.2212388218987063,-0.7129485436850859,-0.1841797044477111,ext_473,2,Normal,0,0.0834685717829099,0
0.0329075887384731,-0.3162114863755065,-0.7129485436850859,0.0936456743450952,ext_646,4,Normal,0,0.06003270296817087,0
0.0329075887384731,-0.1974956557795062,1.4026257699205102,-0.5175701589990789,ext_572,2,Normal,0,0.05185759252039951,0
-0.2557554703709406,-0.3755694016735068,1.4026257699205102,-0.2767881640453133,ext_920,1,Normal,0,0.03846621997473654,0
-0.8330815885897681,-0.2805967371967064,-0.7129485436850859,-0.5175701589990789,ext_828,3,Normal,0,0.05693576744639017,0
-0.5444185294803544,-0.2331104049583063,-0.7129485436850859,-0.4434833913209972,ext_560,4,Normal,0,0.07052295635359551,0
0.0329075887384731,-0.3755694016735068,1.4026257699205102,-0.1100929367696294,ext_457,3,Normal,0,0.027657906378708574,0
-0.8330815885897681,-0.2568535710775064,-0.7129485436850859,-0.6842653862747627,ext_341,3,Normal,0,0.016370308266300038,0
-0.2557554703709406,-0.3399546524947066,-0.7129485436850859,-0.6657436943552423,ext_201,3,Normal,0,0.05722932326264346,0
-0.5444185294803544,-0.2093672388391062,1.4026257699205102,0.0195589066670135,ext_949,1,Normal,0,0.056894665490148044,0
2.053549002504369,5.27530413469611,1.4026257699205102,1.7605979471019335,ext_181,4,Suspicious,1,-0.14247254670118914,1
-0.5444185294803544,-0.2805967371967064,-0.7129485436850859,-0.6472220024357218,ext_213,2,Normal,0,0.05590851323007551,0
0.3215706478478868,-0.2212388218987063,-0.7129485436850859,-0.5731352347576402,ext_529,4,Normal,0,0.053559008358605664,0
0.3215706478478868,-0.1737524896603061,-0.7129485436850859,0.1306890581841361,ext_711,2,Normal,0,0.0018302176334052955,0
0.3215706478478868,-0.2568535710775064,-0.7129485436850859,-0.0360061690915477,ext_398,4,Normal,0,0.06436257167648979,0
-0.8330815885897681,-0.1974956557795062,-0.7129485436850859,-0.6287003105162015,ext_291,1,Normal,0,0.0328614112175829,0
-0.8330815885897681,-0.150009323541106,1.4026257699205102,-0.2767881640453133,ext_499,3,Normal,0,0.009714647129371534,0
4.651516534489094,0.6097719922732961,1.4026257699205102,2.686682543077955,ext_865,2,Suspicious,1,-0.15216202525870215,1
-0.8330815885897681,-0.1737524896603061,-0.7129485436850859,-0.5546135428381197,ext_850,1,Normal,0,0.03764904490517673,0
-0.5444185294803544,-0.2212388218987063,1.4026257699205102,0.0380805985865339,ext_460,2,Normal,0,0.05700749988379322,0
0.0329075887384731,-0.3755694016735068,-0.7129485436850859,-0.480526775160038,ext_930,1,Normal,0,0.06273293616479236,0
-0.8330815885897681,-0.2687251541371064,-0.7129485436850859,-0.1100929367696294,ext_910,4,Normal,0,0.07825621753348039,0
-0.2557554703709406,-0.3755694016735068,-0.7129485436850859,-0.3693966236429154,ext_934,3,Normal,0,0.0659444795023329,0
-0.2557554703709406,-0.2924683202563065,-0.7129485436850859,-0.2767881640453133,ext_982,4,Normal,0,0.1024399229301664,0
0.0329075887384731,-0.2687251541371064,-0.7129485436850859,-0.1286146286891498,ext_509,4,Normal,0,0.10092154672129955,0
0.3215706478478868,-0.2924683202563065,-0.7129485436850859,-0.2027013963672316,ext_476,1,Normal,0,0.07478018824780164,0
-0.5444185294803544,-0.1856240727199062,-0.7129485436850859,-0.3323532398038746,ext_540,1,Normal,0,0.06528181761481083,0
-0.2557554703709406,-0.2805967371967064,1.4026257699205102,0.001037214747493,ext_181,4,Normal,0,0.07429542187017624,0
-0.2557554703709406,-0.2212388218987063,-0.7129485436850859,-0.2953098559648337,ext_270,4,Normal,0,0.09049084118380818,0
-0.8330815885897681,-0.3636978186139067,1.4026257699205102,-0.2767881640453133,ext_381,2,Normal,0,0.026918015472941925,0
0.3215706478478868,-0.2212388218987063,-0.7129485436850859,-0.5546135428381197,ext_131,1,Normal,0,0.05153664017165921,0
-0.2557554703709406,-0.2568535710775064,1.4026257699205102,-0.0360061690915477,ext_341,1,Normal,0,0.08218099929675066,0
0.0329075887384731,-0.2568535710775064,-0.7129485436850859,-0.1841797044477111,ext_719,1,Normal,0,0.09953523675870629,0
-0.2557554703709406,-0.2449819880179063,-0.7129485436850859,0.0566022905060543,ext_687,3,Normal,0,0.07159727988240028,0
-0.8330815885897681,-0.3280830694351066,1.4026257699205102,-0.091571244850109,ext_355,4,Normal,0,0.06066311682291742,0
-0.2557554703709406,-0.2212388218987063,-0.7129485436850859,0.0195589066670135,ext_675,3,Normal,0,0.07623081437878515,0
0.0329075887384731,-0.3162114863755065,-0.7129485436850859,-0.5546135428381197,ext_810,1,Normal,0,0.08539845691183717,0
0.0329075887384731,-0.3636978186139067,-0.7129485436850859,0.0751239824255748,ext_562,3,Normal,0,0.05590564862317271,0
3.4968642980514386,1.9631324610677003,1.4026257699205102,2.4644222400437097,ext_826,2,Suspicious,1,-0.10891258173083596,1
-0.5444185294803544,-0.2568535710775064,-0.7129485436850859,-0.5731352347576402,ext_828,2,Normal,0,0.06759726380225761,0
0.0329075887384731,-0.3874409847331068,-0.7129485436850859,-0.0545278610110681,ext_911,3,Normal,0,0.042005359222703875,0
0.3215706478478868,-0.3399546524947066,-0.7129485436850859,-0.6287003105162015,ext_578,3,Normal,0,0.03864055605569616,0
0.0329075887384731,-0.1974956557795062,1.4026257699205102,-0.221223088286752,ext_507,1,Normal,0,0.06433561440247881,0
-0.8330815885897681,-0.2212388218987063,1.4026257699205102,0.0936456743450952,ext_228,3,Normal,0,0.034917724862618904,0
0.3215706478478868,-0.150009323541106,-0.7129485436850859,-0.5546135428381197,ext_231,4,Normal,0,0.008898766787147183,0
-0.8330815885897681,-0.3518262355543067,-0.7129485436850859,-0.350874931723395,ext_614,2,Normal,0,0.05552250380775492,0
-0.5444185294803544,-0.2568535710775064,-0.7129485436850859,-0.610178618596681,ext_265,3,Normal,0,0.06475483178667774,0
0.3215706478478868,-0.2924683202563065,-0.7129485436850859,0.0380805985865339,ext_301,3,Normal,0,0.053124266450284285,0
0.3215706478478868,-0.150009323541106,-0.7129485436850859,-0.0174844771720273,ext_729,2,Normal,0,0.008148507366657731,0
0.3215706478478868,-0.2687251541371064,-0.7129485436850859,-0.6842653862747627,ext_275,1,Normal,0,0.018856302885522203,0
0.3215706478478868,-0.2924683202563065,-0.7129485436850859,-0.0360061690915477,ext_146,4,Normal,0,0.0608774975945745,0
0.0329075887384731,-0.150009323541106,-0.7129485436850859,0.0566022905060543,ext_732,3,Normal,0,0.015785683495024183,0
0.0329075887384731,-0.2805967371967064,1.4026257699205102,-0.6287003105162015,ext_594,1,Normal,0,0.042743787583931325,0
0.0329075887384731,-0.2212388218987063,-0.7129485436850859,-0.3138315478843542,ext_261,2,Normal,0,0.08785246765520022,0
-0.2557554703709406,-0.2568535710775064,1.4026257699205102,-0.5546135428381197,ext_420,3,Normal,0,0.06769450902689084,0
-0.2557554703709406,-0.3043399033159065,1.4026257699205102,-0.5731352347576402,ext_627,3,Normal,0,0.06250005667889913,0
-0.8330815885897681,-0.3755694016735068,-0.7129485436850859,-0.2582664721257929,ext_560,4,Normal,0,0.0324667929779664,0
-0.5444185294803544,-0.2687251541371064,-0.7129485436850859,-0.480526775160038,ext_354,2,Normal,0,0.07949114193598372,0
0.0329075887384731,-0.2093672388391062,-0.7129485436850859,-0.1286146286891498,ext_610,1,Normal,0,0.09870076711186915,0
0.3215706478478868,-0.2212388218987063,-0.7129485436850859,-0.4620050832405176,ext_192,3,Normal,0,0.0555802840590659,0
3.2082012389420247,3.8269710014249054,1.4026257699205102,4.1498962047200685,ext_149,4,Suspicious,1,-0.12319056971923359,1
-0.8330815885897681,-0.2331104049583063,-0.7129485436850859,-0.4064400074819563,ext_392,3,Normal,0,0.05858843056349561,0
-0.8330815885897681,-0.2449819880179063,-0.7129485436850859,-0.0360061690915477,ext_882,2,Normal,0,0.07239363254688114,0
-0.8330815885897681,-0.2449819880179063,1.4026257699205102,-0.0545278610110681,ext_471,3,Normal,0,0.05962106232842179,0
0.3215706478478868,-0.3518262355543067,-0.7129485436850859,-0.5916569266771605,ext_945,4,Normal,0,0.03357066316143953,0
-0.2557554703709406,-0.1856240727199062,-0.7129485436850859,-0.5360918509185993,ext_482,2,Normal,0,0.07077096871652538,0
0.3215706478478868,-0.3755694016735068,-0.7129485436850859,-0.6657436943552423,ext_716,2,Normal,0,0.00723292120779484,0
0.0329075887384731,-0.1974956557795062,1.4026257699205102,-0.5360918509185993,ext_830,2,Normal,0,0.05197547085108778,0
-0.2557554703709406,-0.3280830694351066,1.4026257699205102,0.0195589066670135,ext_435,3,Normal,0,0.05876827590247263,0
0.3215706478478868,-0.1856240727199062,1.4026257699205102,0.1306890581841361,ext_707,3,Normal,0,0.00843763777005302,0
-0.2557554703709406,-0.2687251541371064,-0.7129485436850859,-0.221223088286752,ext_586,3,Normal,0,0.09769911661308667,0
-0.8330815885897681,-0.1618809066007061,1.4026257699205102,-0.4064400074819563,ext_915,2,Normal,0,0.007222396398560371,0
3.2082012389420247,1.2389658944320985,1.4026257699205102,3.5386803713758943,ext_838,4,Suspicious,1,-0.09679456985891688,1
-0.5444185294803544,-0.3755694016735068,-0.7129485436850859,-0.480526775160038,ext_251,1,Normal,0,0.054363993072259253,0
-0.5444185294803544,-0.2331104049583063,-0.7129485436850859,-0.221223088286752,ext_551,4,Normal,0,0.08557394419258707,0
-0.8330815885897681,-0.3399546524947066,-0.7129485436850859,-0.0545278610110681,ext_993,3,Normal,0,0.05333812967195023,0
0.0329075887384731,-0.2687251541371064,-0.7129485436850859,-0.1656580125281907,ext_778,3,Normal,0,0.09901979213127732,0
-0.2557554703709406,-0.1618809066007061,1.4026257699205102,-0.480526775160038,ext_659,2,Normal,0,0.04685251541312868,0
-0.5444185294803544,-0.2805967371967064,-0.7129485436850859,0.1306890581841361,ext_385,2,Normal,0,0.045821354129627956,0
-0.2557554703709406,-0.2093672388391062,-0.7129485436850859,-0.0545278610110681,ext_806,3,Normal,0,0.08521118317042564,0
0.3215706478478868,-0.2449819880179063,1.4026257699205102,-0.2953098559648337,ext_394,2,Normal,0,0.05230458265023258,0
4.36285347537968,0.6810014906308964,1.4026257699205102,2.686682543077955,ext_397,4,Suspicious,1,-0.14144845846132692,1
0.0329075887384731,-0.3162114863755065,-0.7129485436850859,-0.0730495529305886,ext_771,3,Normal,0,0.08894439880608634,0
-0.5444185294803544,-0.3518262355543067,-0.7129485436850859,-0.4249616994014767,ext_675,1,Normal,0,0.07471531344168209,0
-0.5444185294803544,-0.150009323541106,-0.7129485436850859,-0.6472220024357218,ext_785,1,Normal,0,0.015128511890673546,0
0.0329075887384731,-0.3518262355543067,-0.7129485436850859,-0.7027870781942831,ext_523,2,Normal,0,0.03437968135909386,0
0.0329075887384731,-0.2093672388391062,-0.7129485436850859,-0.3693966236429154,ext_516,3,Normal,0,0.08318326918148194,0
-0.8330815885897681,-0.150009323541106,-0.7129485436850859,-0.0730495529305886,ext_392,1,Normal,0,0.011427312030723225,0
-0.5444185294803544,-0.3755694016735068,1.4026257699205102,-0.1286146286891498,ext_279,2,Normal,0,0.03415742237449804,0
-0.2557554703709406,-0.3755694016735068,-0.7129485436850859,-0.350874931723395,ext_866,1,Normal,0,0.06645753660954079,0
0.3215706478478868,-0.1974956557795062,1.4026257699205102,-0.5546135428381197,ext_443,4,Normal,0,0.027660684817628622,0
-0.8330815885897681,-0.2687251541371064,-0.7129485436850859,-0.1656580125281907,ext_379,3,Normal,0,0.07606598702842776,0
-0.2557554703709406,-0.2805967371967064,-0.7129485436850859,-0.4990484670795584,ext_835,4,Normal,0,0.09154962754286178,0
-0.2557554703709406,-0.3636978186139067,1.4026257699205102,0.0751239824255748,ext_946,1,Normal,0,0.02942207004694164,0
0.0329075887384731,-0.2687251541371064,-0.7129485436850859,-0.7027870781942831,ext_289,3,Normal,0,0.044527009332247125,0
-0.2557554703709406,-0.2687251541371064,-0.7129485436850859,-0.0174844771720273,ext_492,1,Normal,0,0.08943019906765703,0
-0.5444185294803544,-0.3755694016735068,-0.7129485436850859,-0.1656580125281907,ext_367,3,Normal,0,0.05419358251397366,0
0.3215706478478868,-0.2805967371967064,-0.7129485436850859,0.0380805985865339,ext_263,3,Normal,0,0.0554452884712206,0
-0.5444185294803544,-0.3399546524947066,1.4026257699205102,-0.5360918509185993,ext_476,4,Normal,0,0.04528993302071438,0
-0.2557554703709406,-0.2331104049583063,1.4026257699205102,-0.0730495529305886,ext_865,2,Normal,0,0.08523896380071422,0
0.3215706478478868,-0.3636978186139067,1.4026257699205102,-0.091571244850109,ext_880,3,Normal,0,0.020489238894631834,0
-0.8330815885897681,-0.3755694016735068,-0.7129485436850859,-0.0360061690915477,ext_179,2,Normal,0,0.027543563516755687,0
0.3215706478478868,-0.2212388218987063,-0.7129485436850859,0.0936456743450952,ext_268,2,Normal,0,0.03617140222169479,0
-0.8330815885897681,-0.1974956557795062,1.4026257699205102,-0.6472220024357218,ext_834,4,Normal,0,0.0022954171502357346,0
0.0329075887384731,-0.1737524896603061,-0.7129485436850859,-0.0545278610110681,ext_235,4,Normal,0,0.0727608281457302,0
-0.8330815885897681,-0.2449819880179063,-0.7129485436850859,-0.7027870781942831,ext_788,2,Normal,0,0.005691983058133232,0
2.9195381798326108,2.295536786736501,1.4026257699205102,4.372156507754314,ext_692,1,Suspicious,1,-0.11119902011038907,1
-0.8330815885897681,-0.2093672388391062,-0.7129485436850859,-0.3693966236429154,ext_654,4,Normal,0,0.05603578589879421,0
0.0329075887384731,-0.2568535710775064,1.4026257699205102,-0.1841797044477111,ext_284,4,Normal,0,0.0678681337130318,0
4.074190416270266,5.51273579588811,1.4026257699205102,3.612767139053976,ext_484,2,Suspicious,1,-0.16592477085195523,1
-0.8330815885897681,-0.3280830694351066,1.4026257699205102,-0.091571244850109,ext_769,2,Normal,0,0.06066311682291742,0
-0.8330815885897681,-0.3874409847331068,-0.7129485436850859,-0.1656580125281907,ext_845,4,Normal,0,0.01989855224446002,0
-0.5444185294803544,-0.3043399033159065,1.4026257699205102,-0.2953098559648337,ext_644,2,Normal,0,0.06686935540524319,0
-0.8330815885897681,-0.3755694016735068,1.4026257699205102,0.0195589066670135,ext_382,1,Normal,0,0.021457187277755474,0
-0.8330815885897681,-0.1618809066007061,-0.7129485436850859,-0.1841797044477111,ext_346,1,Normal,0,0.03703525475829628,0
0.0329075887384731,-0.2212388218987063,-0.7129485436850859,-0.0730495529305886,ext_350,2,Normal,0,0.09913638336974101,0
-0.8330815885897681,-0.3399546524947066,-0.7129485436850859,-0.4434833913209972,ext_872,3,Normal,0,0.05252260820220145,0
-0.2557554703709406,-0.3043399033159065,-0.7129485436850859,-0.5360918509185993,ext_691,2,Normal,0,0.0895275292738899,0
-0.8330815885897681,-0.1856240727199062,-0.7129485436850859,0.0380805985865339,ext_523,4,Normal,0,0.028620622966836318,0
-0.2557554703709406,-0.150009323541106,1.4026257699205102,-0.091571244850109,ext_669,3,Normal,0,0.050626463952066325,0
-0.5444185294803544,-0.2805967371967064,1.4026257699205102,-0.4990484670795584,ext_813,4,Normal,0,0.059196929784521235,0
-0.2557554703709406,-0.3399546524947066,1.4026257699205102,-0.6472220024357218,ext_346,4,Normal,0,0.039904507800526456,0
-0.5444185294803544,-0.2449819880179063,-0.7129485436850859,-0.4064400074819563,ext_526,2,Normal,0,0.0764663325620617,0
0.0329075887384731,-0.2568535710775064,-0.7129485436850859,-0.0730495529305886,ext_438,2,Normal,0,0.09689430763103579,0
0.3215706478478868,-0.1618809066007061,-0.7129485436850859,-0.6287003105162015,ext_152,2,Normal,0,0.028797955534590747,0
0.3215706478478868,-0.3162114863755065,1.4026257699205102,-0.4620050832405176,ext_923,3,Normal,0,0.03390443099121798,0
-0.8330815885897681,-0.3162114863755065,-0.7129485436850859,-0.5731352347576402,ext_410,4,Normal,0,0.045062617410004724,0
-0.5444185294803544,-0.2449819880179063,-0.7129485436850859,-0.0545278610110681,ext_348,3,Normal,0,0.08681073343568779,0
0.0329075887384731,-0.1856240727199062,-0.7129485436850859,-0.350874931723395,ext_894,3,Normal,0,0.07294130185622161,0
0.0329075887384731,-0.2212388218987063,-0.7129485436850859,-0.1471363206086703,ext_468,3,Normal,0,0.10164724501252514,0
0.0329075887384731,-0.3755694016735068,-0.7129485436850859,-0.5360918509185993,ext_308,1,Normal,0,0.06416032139859035,0
0.3215706478478868,-0.1737524896603061,1.4026257699205102,-0.3693966236429154,ext_367,2,Normal,0,0.03526990865564117,0
0.0329075887384731,-0.1737524896603061,-0.7129485436850859,-0.1286146286891498,ext_300,3,Normal,0,0.0810123357180042,0
0.0329075887384731,-0.150009323541106,1.4026257699205102,-0.1656580125281907,ext_363,2,Normal,0,0.03535414506629864,0
-0.5444185294803544,-0.3399546524947066,1.4026257699205102,-0.4990484670795584,ext_850,1,Normal,0,0.04623633405478761,0
1.4762228842855418,5.16845988715971,1.4026257699205102,4.22398297239815,ext_636,1,Suspicious,1,-0.16078939422060623,1
1.7648859433949555,5.32279046693451,1.4026257699205102,4.038766053202946,ext_882,2,Suspicious,1,-0.14582941099286173,1
-0.8330815885897681,-0.3162114863755065,1.4026257699205102,-0.2767881640453133,ext_169,1,Normal,0,0.04473266502855516,0
0.3215706478478868,-0.2093672388391062,1.4026257699205102,-0.6842653862747627,ext_732,1,Normal,0,0.013295005851942543,0
-0.8330815885897681,-0.3874409847331068,-0.7129485436850859,-0.0730495529305886,ext_644,3,Normal,0,0.014002160821772969,0
0.0329075887384731,-0.3280830694351066,-0.7129485436850859,-0.5916569266771605,ext_117,2,Normal,0,0.08320779275513512,0
0.3215706478478868,-0.2924683202563065,-0.7129485436850859,-0.3879183155624359,ext_346,4,Normal,0,0.05468266152013923,0
0.0329075887384731,-0.2212388218987063,-0.7129485436850859,0.1121673662646156,ext_180,2,Normal,0,0.05707707387499977,0
-0.8330815885897681,-0.150009323541106,-0.7129485436850859,-0.610178618596681,ext_407,4,Normal,0,0.008729384526041217,0
0.0329075887384731,-0.3755694016735068,-0.7129485436850859,0.1121673662646156,ext_488,2,Normal,0,0.03194993890287734,0
0.0329075887384731,-0.150009323541106,-0.7129485436850859,-0.0360061690915477,ext_184,1,Normal,0,0.028802117124060223,0
-0.5444185294803544,-0.3162114863755065,1.4026257699205102,-0.3879183155624359,ext_640,1,Normal,0,0.057839534366190326,0
-0.2557554703709406,-0.1856240727199062,-0.7129485436850859,-0.4990484670795584,ext_176,3,Normal,0,0.07384258816661493,0
0.3215706478478868,-0.3399546524947066,1.4026257699205102,-0.6287003105162015,ext_116,3,Normal,0,0.02714622245052989,0
0.3215706478478868,-0.2449819880179063,-0.7129485436850859,-0.2582664721257929,ext_266,2,Normal,0,0.0779083577317991,0
-0.8330815885897681,-0.1974956557795062,-0.7129485436850859,-0.6472220024357218,ext_909,1,Normal,0,0.026600038463750475,0
-0.8330815885897681,-0.2687251541371064,1.4026257699205102,-0.3323532398038746,ext_547,1,Normal,0,0.03861551868527313,0
0.0329075887384731,-0.2093672388391062,-0.7129485436850859,-0.2953098559648337,ext_749,4,Normal,0,0.09420119607420846,0
0.3215706478478868,-0.2449819880179063,-0.7129485436850859,0.0195589066670135,ext_542,3,Normal,0,0.058456729477100844,0
-0.8330815885897681,-0.3636978186139067,-0.7129485436850859,-0.5360918509185993,ext_917,4,Normal,0,0.02792268984171986,0
-0.5444185294803544,-0.2449819880179063,-0.7129485436850859,-0.2767881640453133,ext_828,1,Normal,0,0.08799919088379127,0
2.342212061613784,2.900987522776103,1.4026257699205102,2.7607693107560363,ext_193,3,Suspicious,1,-0.09540558553901979,1
-0.5444185294803544,-0.2331104049583063,1.4026257699205102,-0.0545278610110681,ext_204,4,Normal,0,0.0715128906026945,0
2.6308751207231973,3.565796174113705,1.4026257699205102,1.4827725683091273,ext_205,3,Suspicious,1,-0.11627206154830894,1
-0.2557554703709406,-0.2331104049583063,1.4026257699205102,-0.610178618596681,ext_984,2,Normal,0,0.06803924334751382,0
0.0329075887384731,-0.3280830694351066,-0.7129485436850859,-0.3879183155624359,ext_685,3,Normal,0,0.08877505999750046,0
-0.8330815885897681,-0.3280830694351066,1.4026257699205102,-0.3879183155624359,ext_374,4,Normal,0,0.03278984380492722,0
-0.8330815885897681,-0.2568535710775064,-0.7129485436850859,-0.4249616994014767,ext_406,4,Normal,0,0.06330712777835878,0
0.0329075887384731,-0.3518262355543067,-0.7129485436850859,-0.350874931723395,ext_708,1,Normal,0,0.08392770593959697,0
0.3215706478478868,-0.2449819880179063,-0.7129485436850859,-0.1841797044477111,ext_505,3,Normal,0,0.07616505515378497,0
0.3215706478478868,-0.3399546524947066,-0.7129485436850859,-0.3323532398038746,ext_540,2,Normal,0,0.04657656001677274,0
0.0329075887384731,-0.2687251541371064,-0.7129485436850859,0.1121673662646156,ext_590,4,Normal,0,0.053851861266154766,0
-0.2557554703709406,-0.2449819880179063,-0.7129485436850859,-0.2397447802062724,ext_689,3,Normal,0,0.10354762957458258,0
-0.5444185294803544,-0.1737524896603061,-0.7129485436850859,0.0936456743450952,ext_216,1,Normal,0,0.03257306719828401,0
-0.5444185294803544,-0.2212388218987063,-0.7129485436850859,0.1121673662646156,ext_844,1,Normal,0,0.04710018904472929,0
0.0329075887384731,-0.2093672388391062,-0.7129485436850859,0.0380805985865339,ext_938,3,Normal,0,0.08342318644713148,0
-0.5444185294803544,-0.2331104049583063,1.4026257699205102,-0.6287003105162015,ext_347,4,Normal,0,0.052188276794724375,0
0.0329075887384731,-0.1856240727199062,1.4026257699205102,-0.0730495529305886,ext_712,1,Normal,0,0.055268912229748446,0
0.3215706478478868,-0.1618809066007061,-0.7129485436850859,-0.5916569266771605,ext_909,2,Normal,0,0.03377927136140191,0
-0.5444185294803544,-0.150009323541106,-0.7129485436850859,-0.0360061690915477,ext_773,4,Normal,0,0.02914115117165217,0
0.0329075887384731,-0.3518262355543067,-0.7129485436850859,-0.5916569266771605,ext_870,3,Normal,0,0.07514935063259492,0
0.3215706478478868,-0.1856240727199062,-0.7129485436850859,-0.1841797044477111,ext_327,3,Normal,0,0.06339253723515048,0
0.3215706478478868,-0.1974956557795062,-0.7129485436850859,-0.2953098559648337,ext_500,1,Normal,0,0.06620644374591089,0
0.0329075887384731,-0.3636978186139067,-0.7129485436850859,-0.5360918509185993,ext_594,3,Normal,0,0.06681163928464595,0
-0.5444185294803544,-0.1974956557795062,1.4026257699205102,-0.2953098559648337,ext_419,4,Normal,0,0.06062971181015214,0
0.0329075887384731,-0.2687251541371064,-0.7129485436850859,-0.350874931723395,ext_199,1,Normal,0,0.08889413006433172,0
-0.8330815885897681,-0.2687251541371064,-0.7129485436850859,0.0936456743450952,ext_929,2,Normal,0,0.030613132535450394,0
-0.5444185294803544,-0.1856240727199062,-0.7129485436850859,-0.3138315478843542,ext_858,4,Normal,0,0.06651819300906187,0
0.0329075887384731,-0.150009323541106,-0.7129485436850859,-0.4990484670795584,ext_573,4,Normal,0,0.017091238903461314,0
3.785527357160852,1.4051680572664986,1.4026257699205102,3.1867682249050064,ext_505,4,Suspicious,1,-0.10662654986858411,1
2.053549002504369,1.452654389504899,1.4026257699205102,2.371813780446108,ext_498,1,Suspicious,1,-0.0923791474498491,1
0.3215706478478868,-0.3280830694351066,-0.7129485436850859,-0.3323532398038746,ext_691,2,Normal,0,0.05043795403698165,0
0.0329075887384731,-0.1974956557795062,-0.7129485436850859,0.001037214747493,ext_568,4,Normal,0,0.08570822424150665,0
-0.8330815885897681,-0.2568535710775064,-0.7129485436850859,-0.1656580125281907,ext_725,2,Normal,0,0.07695692878614169,0
-0.2557554703709406,-0.1618809066007061,-0.7129485436850859,0.0936456743450952,ext_933,2,Normal,0,0.025368989486449278,0
-0.2557554703709406,-0.3518262355543067,-0.7129485436850859,-0.2767881640453133,ext_420,2,Normal,0,0.08456641636657453,0
0.3215706478478868,-0.3399546524947066,1.4026257699205102,-0.2027013963672316,ext_623,2,Normal,0,0.0330972980985339,0
-0.5444185294803544,-0.1856240727199062,-0.7129485436850859,-0.1286146286891498,ext_598,3,Normal,0,0.07278967250226404,0
0.0329075887384731,-0.1618809066007061,-0.7129485436850859,-0.2953098559648337,ext_243,1,Normal,0,0.05888228907994725,0
0.0329075887384731,-0.1856240727199062,1.4026257699205102,-0.221223088286752,ext_596,4,Normal,0,0.057352303693701034,0
0.0329075887384731,-0.2093672388391062,-0.7129485436850859,-0.610178618596681,ext_525,1,Normal,0,0.06597436500990672,0
-0.2557554703709406,-0.3755694016735068,-0.7129485436850859,-0.4434833913209972,ext_914,3,Normal,0,0.06621056587379515,0
0.3215706478478868,-0.2093672388391062,-0.7129485436850859,-0.0360061690915477,ext_272,1,Normal,0,0.06124066598368866,0
-0.2557554703709406,-0.1856240727199062,-0.7129485436850859,-0.1841797044477111,ext_374,2,Normal,0,0.08764998424982762,0
-0.5444185294803544,-0.2805967371967064,-0.7129485436850859,-0.1841797044477111,ext_535,3,Normal,0,0.08969954329207075,0
-0.8330815885897681,-0.2212388218987063,-0.7129485436850859,-0.4249616994014767,ext_456,2,Normal,0,0.05982470861476574,0
-0.2557554703709406,-0.1618809066007061,1.4026257699205102,-0.5175701589990789,ext_930,2,Normal,0,0.04231948499953475,0
-0.5444185294803544,-0.3755694016735068,-0.7129485436850859,-0.0730495529305886,ext_903,3,Normal,0,0.04634338637762164,0
-0.2557554703709406,-0.2805967371967064,-0.7129485436850859,-0.0360061690915477,ext_711,3,Normal,0,0.09068877372476919,0
-0.8330815885897681,-0.3399546524947066,1.4026257699205102,-0.6472220024357218,ext_978,3,Normal,0,0.002091158093245782,0
-0.5444185294803544,-0.3043399033159065,-0.7129485436850859,0.1306890581841361,ext_987,3,Normal,0,0.04526677639258997,0
0.0329075887384731,-0.2093672388391062,-0.7129485436850859,-0.0360061690915477,ext_948,3,Normal,0,0.09691511668441993,0
0.0329075887384731,-0.3636978186139067,-0.7129485436850859,-0.2397447802062724,ext_742,3,Normal,0,0.08370474668324412,0
-0.2557554703709406,-0.2212388218987063,1.4026257699205102,-0.3323532398038746,ext_811,1,Normal,0,0.08063048125528999,0
-0.8330815885897681,-0.2212388218987063,-0.7129485436850859,-0.6287003105162015,ext_989,4,Normal,0,0.038991417975392406,0
-0.5444185294803544,-0.2093672388391062,-0.7129485436850859,-0.3323532398038746,ext_323,3,Normal,0,0.0652701814370884,0
-0.5444185294803544,-0.1737524896603061,1.4026257699205102,-0.3138315478843542,ext_445,1,Normal,0,0.05326431581391344,0
4.651516534489094,5.28717571775571,1.4026257699205102,3.223811608744047,ext_147,1,Suspicious,1,-0.1762231077242674,1
-0.5444185294803544,-0.2212388218987063,1.4026257699205102,-0.7027870781942831,ext_227,4,Normal,0,0.01885902480988233,0
-0.5444185294803544,-0.150009323541106,-0.7129485436850859,-0.5175701589990789,ext_307,3,Normal,0,0.03217902385347948,0
-0.2557554703709406,-0.3636978186139067,-0.7129485436850859,0.0751239824255748,ext_195,2,Normal,0,0.04421897698820443,0
-0.2557554703709406,-0.3043399033159065,1.4026257699205102,0.0566022905060543,ext_153,1,Normal,0,0.05752692671568832,0
2.053549002504369,3.102804434789304,1.4026257699205102,1.4086858006310456,ext_820,2,Suspicious,1,-0.11789080274962538,1
0.0329075887384731,-0.3874409847331068,-0.7129485436850859,0.1121673662646156,ext_707,3,Normal,0,0.010852112483949461,0
0.0329075887384731,-0.3399546524947066,1.4026257699205102,-0.6287003105162015,ext_936,2,Normal,0,0.030284865065849376,0
4.651516534489094,0.8234604873460969,1.4026257699205102,1.5383376440676886,ext_492,3,Suspicious,1,-0.17466690105312022,1
-0.5444185294803544,-0.2449819880179063,-0.7129485436850859,0.0566022905060543,ext_476,2,Normal,0,0.061803425634533116,0
-0.8330815885897681,-0.1618809066007061,-0.7129485436850859,-0.1841797044477111,ext_170,3,Normal,0,0.03703525475829628,0
-0.5444185294803544,-0.2331104049583063,1.4026257699205102,-0.4620050832405176,ext_839,1,Normal,0,0.060280270581797524,0
-0.8330815885897681,-0.1737524896603061,1.4026257699205102,-0.2953098559648337,ext_202,4,Normal,0,0.024067916502354625,0
-0.5444185294803544,-0.2924683202563065,-0.7129485436850859,-0.4249616994014767,ext_422,3,Normal,0,0.07958093854372084,0
-0.8330815885897681,-0.2805967371967064,-0.7129485436850859,-0.091571244850109,ext_897,2,Normal,0,0.08056792205606766,0
-0.8330815885897681,-0.3043399033159065,1.4026257699205102,-0.2582664721257929,ext_865,1,Normal,0,0.04759850288709566,0
0.3215706478478868,-0.3636978186139067,-0.7129485436850859,-0.2767881640453133,ext_346,3,Normal,0,0.04769860155775574,0
0.3215706478478868,-0.2331104049583063,-0.7129485436850859,-0.0730495529305886,ext_235,2,Normal,0,0.07107394548839113,0
-0.8330815885897681,-0.3874409847331068,-0.7129485436850859,-0.7027870781942831,ext_881,3,Normal,0,-0.03818092705139542,1
1.187559825176128,5.002257724325309,1.4026257699205102,2.92746453803172,ext_320,3,Suspicious,1,-0.13997070856939264,1
0.0329075887384731,-0.2331104049583063,1.4026257699205102,-0.610178618596681,ext_743,2,Normal,0,0.05442792561376841,0
1.4762228842855418,3.304621346802504,1.4026257699205102,2.01990163397522,ext_384,2,Suspicious,1,-0.11340955340794034,1
0.3215706478478868,-0.150009323541106,-0.7129485436850859,-0.350874931723395,ext_649,4,Normal,0,0.018764823915243256,0
-0.5444185294803544,-0.3755694016735068,-0.7129485436850859,-0.610178618596681,ext_847,4,Normal,0,0.04574629469349034,0
0.3215706478478868,-0.3755694016735068,-0.7129485436850859,0.0751239824255748,ext_218,2,Normal,0,0.016094508964159204,0
1.7648859433949555,4.468036486643308,1.4026257699205102,1.0938170379991985,ext_222,2,Suspicious,1,-0.1284311368550216,1
0.3215706478478868,-0.1974956557795062,-0.7129485436850859,-0.5175701589990789,ext_608,3,Normal,0,0.049265823789921115,0
-0.2557554703709406,-0.3518262355543067,-0.7129485436850859,-0.3138315478843542,ext_229,4,Normal,0,0.08038983728890503,0
-0.2557554703709406,-0.1737524896603061,-0.7129485436850859,-0.1286146286891498,ext_378,4,Normal,0,0.08377258224429618,0
0.0329075887384731,-0.1737524896603061,-0.7129485436850859,-0.2767881640453133,ext_623,2,Normal,0,0.07324095707583544,0
0.3215706478478868,-0.3518262355543067,-0.7129485436850859,-0.1100929367696294,ext_361,1,Normal,0,0.056725792582303924,0
-0.8330815885897681,-0.3043399033159065,-0.7129485436850859,-0.1471363206086703,ext_145,3,Normal,0,0.08281640608416513,0
-0.5444185294803544,-0.3755694016735068,1.4026257699205102,-0.4434833913209972,ext_492,3,Normal,0,0.024767603766815305,0
-0.2557554703709406,-0.2924683202563065,-0.7129485436850859,-0.0360061690915477,ext_354,3,Normal,0,0.0937402080167159,0
-0.8330815885897681,-0.3280830694351066,-0.7129485436850859,-0.091571244850109,ext_222,1,Normal,0,0.06360714112712451,0
3.2082012389420247,5.465249463649711,1.4026257699205102,2.390335472365628,ext_510,3,Suspicious,1,-0.13813931711506588,1
3.2082012389420247,0.2536245004852951,1.4026257699205102,2.7978126945950774,ext_435,2,Suspicious,1,-0.1140627708519022,1
-0.2557554703709406,-0.1618809066007061,-0.7129485436850859,-0.1656580125281907,ext_398,3,Normal,0,0.06501097231288033,0
-0.5444185294803544,-0.1856240727199062,-0.7129485436850859,-0.5360918509185993,ext_705,1,Normal,0,0.06678658538732807,0
3.4968642980514386,2.3074083697961014,1.4026257699205102,4.0572877451224665,ext_519,1,Suspicious,1,-0.09780659681581516,1
4.074190416270266,2.485482115690102,1.4026257699205102,4.538851735029997,ext_443,3,Suspicious,1,-0.13820222786673764,1
-0.5444185294803544,-0.2331104049583063,1.4026257699205102,-0.6472220024357218,ext_206,2,Normal,0,0.04285723807503988,0
-0.8330815885897681,-0.3043399033159065,1.4026257699205102,0.1121673662646156,ext_828,3,Normal,0,0.02956061867496884,0
-0.8330815885897681,-0.1737524896603061,-0.7129485436850859,-0.1100929367696294,ext_569,2,Normal,0,0.05326430602530141,0
-0.8330815885897681,-0.1737524896603061,-0.7129485436850859,-0.2027013963672316,ext_752,2,Normal,0,0.045090049879194904,0
-0.2557554703709406,-0.2449819880179063,-0.7129485436850859,-0.3323532398038746,ext_342,4,Normal,0,0.09379400519139364,0
-0.5444185294803544,-0.3399546524947066,-0.7129485436850859,-0.5360918509185993,ext_378,1,Normal,0,0.07571597967059018,0
-0.2557554703709406,-0.2331104049583063,-0.7129485436850859,-0.0730495529305886,ext_268,3,Normal,0,0.09249234738452622,0
-0.2557554703709406,-0.2212388218987063,-0.7129485436850859,-0.5731352347576402,ext_888,1,Normal,0,0.07653100811781477,0
-0.2557554703709406,-0.1618809066007061,-0.7129485436850859,-0.4620050832405176,ext_261,3,Normal,0,0.055098735418875555,0
2.053549002504369,2.3667662850941014,1.4026257699205102,2.92746453803172,ext_251,1,Suspicious,1,-0.09192022406127909,1
-0.5444185294803544,-0.3874409847331068,1.4026257699205102,-0.1841797044477111,ext_793,2,Normal,0,0.021938610219489285,0
-0.5444185294803544,-0.3518262355543067,-0.7129485436850859,-0.6472220024357218,ext_196,2,Normal,0,0.05184176365738519,0
0.0329075887384731,-0.2568535710775064,-0.7129485436850859,-0.0174844771720273,ext_233,3,Normal,0,0.09346087390887664,0
1.4762228842855418,1.4051680572664986,1.4026257699205102,4.112852820881027,ext_932,4,Suspicious,1,-0.12012151266184279,1
-0.2557554703709406,-0.3518262355543067,-0.7129485436850859,-0.1656580125281907,ext_928,1,Normal,0,0.08694076080875851,0
0.0329075887384731,-0.2449819880179063,1.4026257699205102,-0.6842653862747627,ext_272,4,Normal,0,0.028228533491491015,0
-0.2557554703709406,-0.3162114863755065,-0.7129485436850859,-0.3879183155624359,ext_799,3,Normal,0,0.09280745018045422,0
-0.8330815885897681,-0.1618809066007061,-0.7129485436850859,0.0566022905060543,ext_556,3,Normal,0,0.016106830169029585,0
0.3215706478478868,-0.2093672388391062,-0.7129485436850859,-0.610178618596681,ext_610,3,Normal,0,0.049786494038476625,0
-0.5444185294803544,-0.150009323541106,-0.7129485436850859,0.0380805985865339,ext_492,1,Normal,0,0.0163773799718111,0
-0.2557554703709406,-0.2093672388391062,1.4026257699205102,-0.2953098559648337,ext_491,3,Normal,0,0.08295632161543703,0
-0.8330815885897681,-0.2687251541371064,-0.7129485436850859,-0.6842653862747627,ext_497,3,Normal,0,0.015093091064892872,0
0.0329075887384731,-0.1974956557795062,-0.7129485436850859,-0.0174844771720273,ext_159,2,Normal,0,0.0877239784395194,0
-0.5444185294803544,-0.2924683202563065,-0.7129485436850859,-0.4434833913209972,ext_263,4,Normal,0,0.08113044483801318,0
-0.5444185294803544,-0.3280830694351066,-0.7129485436850859,-0.0174844771720273,ext_463,3,Normal,0,0.06518536467635289,0
-0.2557554703709406,-0.1737524896603061,-0.7129485436850859,0.1306890581841361,ext_925,3,Normal,0,0.025649002010278754,0
0.3215706478478868,-0.3162114863755065,1.4026257699205102,-0.0730495529305886,ext_681,3,Normal,0,0.036459413977755095,0
-0.8330815885897681,-0.3755694016735068,-0.7129485436850859,0.001037214747493,ext_279,2,Normal,0,0.019625442682615346,0
-0.8330815885897681,-0.2687251541371064,-0.7129485436850859,-0.5546135428381197,ext_120,3,Normal,0,0.05551285968065017,0
-0.2557554703709406,-0.3755694016735068,-0.7129485436850859,-0.5360918509185993,ext_834,2,Normal,0,0.06395301448019003,0
0.3215706478478868,-0.2568535710775064,-0.7129485436850859,-0.2767881640453133,ext_892,4,Normal,0,0.07856778398052022,0
-0.2557554703709406,-0.2687251541371064,-0.7129485436850859,-0.5175701589990789,ext_700,4,Normal,0,0.08975262053442984,0
0.0329075887384731,-0.150009323541106,-0.7129485436850859,-0.4990484670795584,ext_910,3,Normal,0,0.017091238903461314,0
-0.5444185294803544,-0.2449819880179063,-0.7129485436850859,0.1121673662646156,ext_328,3,Normal,0,0.05348777053458664,0
-0.8330815885897681,-0.1737524896603061,1.4026257699205102,-0.0360061690915477,ext_230,1,Normal,0,0.033828619826938966,0
0.3215706478478868,-0.3043399033159065,-0.7129485436850859,-0.1286146286891498,ext_286,2,Normal,0,0.06144953594637359,0
-0.5444185294803544,-0.2568535710775064,-0.7129485436850859,-0.5175701589990789,ext_439,1,Normal,0,0.07422863671615709,0
-0.2557554703709406,-0.2212388218987063,-0.7129485436850859,-0.4064400074819563,ext_941,2,Normal,0,0.08161399587920509,0
-0.2557554703709406,-0.2924683202563065,-0.7129485436850859,-0.7027870781942831,ext_355,1,Normal,0,0.04699814057021251,0
0.0329075887384731,-0.3280830694351066,1.4026257699205102,-0.1286146286891498,ext_495,4,Normal,0,0.05700109224910305,0
-0.8330815885897681,-0.2093672388391062,-0.7129485436850859,-0.5175701589990789,ext_459,4,Normal,0,0.05277570372400964,0
-0.8330815885897681,-0.2805967371967064,-0.7129485436850859,-0.3323532398038746,ext_175,3,Normal,0,0.07142138886919741,0
1.7648859433949555,2.485482115690102,1.4026257699205102,1.816163022860495,ext_207,1,Suspicious,1,-0.10390540116730207,1
-0.8330815885897681,-0.2687251541371064,1.4026257699205102,0.1306890581841361,ext_660,1,Normal,0,0.023201284805185907,0
-0.5444185294803544,-0.1618809066007061,1.4026257699205102,-0.5175701589990789,ext_541,1,Normal,0,0.03484860784602262,0
-0.5444185294803544,-0.2331104049583063,-0.7129485436850859,0.0751239824255748,ext_203,3,Normal,0,0.05723946613623049,0
-0.8330815885897681,-0.2449819880179063,1.4026257699205102,-0.5360918509185993,ext_404,1,Normal,0,0.02605202392843231,0
1.4762228842855418,1.9868756271869004,1.4026257699205102,4.18693958855911,ext_469,4,Suspicious,1,-0.12204671420028423,1
2.053549002504369,1.2389658944320985,1.4026257699205102,4.075809437041987,ext_304,3,Suspicious,1,-0.10444779667713167,1
-0.8330815885897681,-0.2805967371967064,1.4026257699205102,-0.1471363206086703,ext_183,4,Normal,0,0.06233472268645657,0
0.3215706478478868,-0.2449819880179063,-0.7129485436850859,-0.2767881640453133,ext_776,4,Normal,0,0.07537093070485135,0
-0.8330815885897681,-0.2924683202563065,1.4026257699205102,-0.1656580125281907,ext_478,3,Normal,0,0.057514971702445516,0
0.3215706478478868,-0.3755694016735068,-0.7129485436850859,0.1121673662646156,ext_331,1,Normal,0,0.002346175558415542,0
0.3215706478478868,-0.2331104049583063,-0.7129485436850859,-0.0545278610110681,ext_187,1,Normal,0,0.06847420819485778,0
0.3215706478478868,-0.2331104049583063,1.4026257699205102,-0.0360061690915477,ext_960,2,Normal,0,0.04774048370298223,0
0.0329075887384731,-0.3755694016735068,-0.7129485436850859,-0.5731352347576402,ext_587,4,Normal,0,0.0645435856478277,0
-0.5444185294803544,-0.3162114863755065,-0.7129485436850859,-0.5546135428381197,ext_277,1,Normal,0,0.07318773859279037,0
4.074190416270266,2.841629607478103,1.4026257699205102,2.0013799420556992,ext_533,2,Suspicious,1,-0.1318371354859501,1
-0.2557554703709406,-0.3636978186139067,-0.7129485436850859,-0.2582664721257929,ext_954,4,Normal,0,0.07401162475142237,0
-0.2557554703709406,-0.1974956557795062,1.4026257699205102,-0.7027870781942831,ext_665,4,Normal,0,0.021868848765508653,0
-0.5444185294803544,-0.1737524896603061,-0.7129485436850859,-0.5916569266771605,ext_215,1,Normal,0,0.051536526036999375,0
0.3215706478478868,-0.2568535710775064,1.4026257699205102,-0.4064400074819563,ext_904,4,Normal,0,0.040268192198361974,0
0.3215706478478868,-0.2093672388391062,-0.7129485436850859,-0.4990484670795584,ext_770,3,Normal,0,0.055197581242681815,0
0.3215706478478868,-0.2449819880179063,-0.7129485436850859,-0.2397447802062724,ext_512,3,Normal,0,0.08021135311522282,0
0.0329075887384731,-0.2924683202563065,-0.7129485436850859,-0.6842653862747627,ext_807,3,Normal,0,0.050067709248122705,0
-0.2557554703709406,-0.2924683202563065,1.4026257699205102,0.1121673662646156,ext_937,1,Normal,0,0.047603753574444796,0
-0.2557554703709406,-0.2212388218987063,-0.7129485436850859,-0.3879183155624359,ext_989,4,Normal,0,0.0836762157070462,0
-0.5444185294803544,-0.2212388218987063,-0.7129485436850859,-0.221223088286752,ext_719,4,Normal,0,0.08114592973469043,0
-0.2557554703709406,-0.3755694016735068,-0.7129485436850859,-0.6287003105162015,ext_877,3,Normal,0,0.05694591747799033,0
-0.5444185294803544,-0.1974956557795062,-0.7129485436850859,-0.4990484670795584,ext_826,2,Normal,0,0.06614368892237854,0
-0.8330815885897681,-0.3043399033159065,-0.7129485436850859,-0.1656580125281907,ext_996,1,Normal,0,0.08138675315774552,0
-0.2557554703709406,-0.2568535710775064,1.4026257699205102,-0.1100929367696294,ext_469,4,Normal,0,0.08291537745744182,0
-0.8330815885897681,-0.3043399033159065,-0.7129485436850859,-0.1286146286891498,ext_750,4,Normal,0,0.08332578329542573,0
0.0329075887384731,-0.1737524896603061,-0.7129485436850859,-0.2953098559648337,ext_281,2,Normal,0,0.0712698547305819,0
-0.8330815885897681,-0.2805967371967064,-0.7129485436850859,-0.2582664721257929,ext_957,1,Normal,0,0.07377417578079076,0
-0.5444185294803544,-0.3043399033159065,-0.7129485436850859,0.0936456743450952,ext_266,2,Normal,0,0.05517612497273283,0
0.3215706478478868,-0.3874409847331068,-0.7129485436850859,-0.1471363206086703,ext_375,2,Normal,0,0.023929581203193107,0
-0.8330815885897681,-0.3043399033159065,-0.7129485436850859,0.001037214747493,ext_762,3,Normal,0,0.05933736648954757,0
-0.2557554703709406,-0.2331104049583063,1.4026257699205102,-0.2953098559648337,ext_829,4,Normal,0,0.08511324076112348,0
-0.2557554703709406,-0.1974956557795062,1.4026257699205102,-0.0174844771720273,ext_358,1,Normal,0,0.07533371964948676,0
-0.2557554703709406,-0.1856240727199062,-0.7129485436850859,-0.350874931723395,ext_107,1,Normal,0,0.07589713597016085,0
2.342212061613784,4.088145828736106,1.4026257699205102,2.594074083480353,ext_593,3,Suspicious,1,-0.10443718977705985,1
-0.2557554703709406,-0.3162114863755065,-0.7129485436850859,-0.091571244850109,ext_367,2,Normal,0,0.08751620431711654,0
0.3215706478478868,-0.2449819880179063,-0.7129485436850859,0.0936456743450952,ext_158,2,Normal,0,0.03974052286748242,0
3.2082012389420247,1.9987472102465005,1.4026257699205102,2.2792053208485057,ext_838,4,Suspicious,1,-0.10493792835793347,1
-0.8330815885897681,-0.1737524896603061,-0.7129485436850859,-0.3138315478843542,ext_514,2,Normal,0,0.04835401010556012,0
0.0329075887384731,-0.2568535710775064,-0.7129485436850859,-0.5175701589990789,ext_802,2,Normal,0,0.0819204323934401,0
1.7648859433949555,4.705468147835308,1.4026257699205102,2.2792053208485057,ext_400,2,Suspicious,1,-0.1033806460327017,1
-0.8330815885897681,-0.3043399033159065,-0.7129485436850859,-0.4434833913209972,ext_796,3,Normal,0,0.0673504413319368,0
-0.2557554703709406,-0.2568535710775064,-0.7129485436850859,-0.0174844771720273,ext_530,3,Normal,0,0.08957449689337732,0
0.0329075887384731,-0.3755694016735068,-0.7129485436850859,-0.1471363206086703,ext_574,2,Normal,0,0.07705071324825125,0
0.0329075887384731,-0.1974956557795062,-0.7129485436850859,-0.221223088286752,ext_612,1,Normal,0,0.0882567409953463,0
-0.5444185294803544,-0.3162114863755065,-0.7129485436850859,-0.221223088286752,ext_991,4,Normal,0,0.08212367675843557,0
-0.5444185294803544,-0.3636978186139067,1.4026257699205102,-0.3138315478843542,ext_246,2,Normal,0,0.04378069989674743,0
-0.8330815885897681,-0.2212388218987063,-0.7129485436850859,-0.4620050832405176,ext_420,2,Normal,0,0.060421763051782706,0
0.0329075887384731,-0.3636978186139067,-0.7129485436850859,0.0195589066670135,ext_690,4,Normal,0,0.07127775370225514,0
0.0329075887384731,-0.2093672388391062,1.4026257699205102,-0.7027870781942831,ext_748,1,Normal,0,0.014292378120579374,0
-0.2557554703709406,-0.3874409847331068,-0.7129485436850859,-0.091571244850109,ext_646,2,Normal,0,0.0370415714690947,0
-0.5444185294803544,-0.3043399033159065,-0.7129485436850859,-0.350874931723395,ext_118,2,Normal,0,0.08458677426022942,0
0.3215706478478868,-0.2805967371967064,-0.7129485436850859,-0.6287003105162015,ext_205,1,Normal,0,0.04355753340754953,0
0.0329075887384731,-0.1974956557795062,-0.7129485436850859,-0.2027013963672316,ext_405,2,Normal,0,0.08828052023529293,0
0.0329075887384731,-0.2568535710775064,-0.7129485436850859,-0.5175701589990789,ext_450,4,Normal,0,0.0819204323934401,0
-0.5444185294803544,-0.3162114863755065,-0.7129485436850859,-0.0174844771720273,ext_119,2,Normal,0,0.07143133427730308,0
-0.8330815885897681,-0.2449819880179063,-0.7129485436850859,-0.0730495529305886,ext_226,1,Normal,0,0.07971158389021399,0
-0.8330815885897681,-0.150009323541106,-0.7129485436850859,-0.6472220024357218,ext_708,1,Normal,0,-0.0007143371739047888,1
-0.8330815885897681,-0.1856240727199062,-0.7129485436850859,-0.1471363206086703,ext_526,2,Normal,0,0.05314497955446873,0
-0.8330815885897681,-0.2805967371967064,1.4026257699205102,0.0751239824255748,ext_310,1,Normal,0,0.04333522182710775,0
0.3215706478478868,-0.1618809066007061,-0.7129485436850859,-0.221223088286752,ext_778,1,Normal,0,0.05756814188728038,0
-0.8330815885897681,-0.2805967371967064,-0.7129485436850859,-0.5916569266771605,ext_623,4,Normal,0,0.04587875715208073,0
-0.2557554703709406,-0.1974956557795062,-0.7129485436850859,-0.2953098559648337,ext_303,4,Normal,0,0.0880925670866004,0
0.3215706478478868,-0.2093672388391062,-0.7129485436850859,0.1121673662646156,ext_402,4,Normal,0,0.024117434278213112,0
-0.8330815885897681,-0.3636978186139067,-0.7129485436850859,-0.0360061690915477,ext_438,4,Normal,0,0.03802401859491855,0
0.3215706478478868,-0.3636978186139067,-0.7129485436850859,-0.4064400074819563,ext_252,2,Normal,0,0.037787502958299024,0
-0.2557554703709406,-0.2924683202563065,1.4026257699205102,-0.6472220024357218,ext_567,1,Normal,0,0.05049215626652087,0
-0.8330815885897681,-0.2805967371967064,-0.7129485436850859,0.0936456743450952,ext_932,3,Normal,0,0.03469391029197377,0
-0.8330815885897681,-0.3755694016735068,-0.7129485436850859,-0.5546135428381197,ext_536,2,Normal,0,0.02077388039358319,0
0.0329075887384731,-0.1618809066007061,-0.7129485436850859,-0.610178618596681,ext_436,3,Normal,0,0.03393871736179788,0
-0.8330815885897681,-0.2449819880179063,1.4026257699205102,-0.1656580125281907,ext_934,3,Normal,0,0.056935892517455955,0
0.0329075887384731,-0.2331104049583063,-0.7129485436850859,-0.5731352347576402,ext_955,2,Normal,0,0.07100539384094384,0
-0.5444185294803544,-0.3518262355543067,1.4026257699205102,-0.0174844771720273,ext_812,4,Normal,0,0.05108198938993219,0
0.0329075887384731,-0.3280830694351066,1.4026257699205102,-0.2953098559648337,ext_921,1,Normal,0,0.052631474675550904,0
-0.5444185294803544,-0.2093672388391062,1.4026257699205102,-0.5731352347576402,ext_983,4,Normal,0,0.05219560108546761,0
2.342212061613784,4.183118493212906,1.4026257699205102,2.538509007721792,ext_551,1,Suspicious,1,-0.1005147851309992,1
0.3215706478478868,-0.1737524896603061,-0.7129485436850859,0.0751239824255748,ext_821,3,Normal,0,0.029991508716593174,0
0.3215706478478868,-0.3518262355543067,1.4026257699205102,0.0751239824255748,ext_631,2,Normal,0,0.012263747803408664,0
0.0329075887384731,-0.3399546524947066,-0.7129485436850859,-0.7027870781942831,ext_593,2,Normal,0,0.04141268547038124,0
0.0329075887384731,-0.3280830694351066,-0.7129485436850859,-0.1286146286891498,ext_617,3,Normal,0,0.09293130969219565,0
-0.2557554703709406,-0.3755694016735068,-0.7129485436850859,-0.0545278610110681,ext_346,4,Normal,0,0.05744937526149019,0
-0.8330815885897681,-0.2212388218987063,1.4026257699205102,-0.0360061690915477,ext_512,4,Normal,0,0.05763163662828291,0
0.0329075887384731,-0.2687251541371064,-0.7129485436850859,-0.1286146286891498,ext_190,1,Normal,0,0.10092154672129955,0
-0.8330815885897681,-0.1856240727199062,-0.7129485436850859,-0.610178618596681,ext_205,3,Normal,0,0.037235394283228196,0
0.0329075887384731,-0.2687251541371064,-0.7129485436850859,-0.6472220024357218,ext_620,2,Normal,0,0.06503635092619581,0
0.3215706478478868,-0.1618809066007061,1.4026257699205102,0.1306890581841361,ext_964,3,Normal,0,0.0052332213091622615,0
-0.8330815885897681,-0.3043399033159065,-0.7129485436850859,-0.3138315478843542,ext_833,3,Normal,0,0.07402398702730884,0
-0.2557554703709406,-0.1856240727199062,-0.7129485436850859,0.1121673662646156,ext_949,1,Normal,0,0.0398146583420137,0
0.0329075887384731,-0.3399546524947066,1.4026257699205102,-0.5916569266771605,ext_146,3,Normal,0,0.03423973333528563,0
-0.8330815885897681,-0.2449819880179063,-0.7129485436850859,-0.1656580125281907,ext_725,2,Normal,0,0.08116520445532549,0
0.0329075887384731,-0.3755694016735068,-0.7129485436850859,-0.1841797044477111,ext_833,4,Normal,0,0.07807422937825631,0
0.3215706478478868,-0.3399546524947066,1.4026257699205102,-0.7027870781942831,ext_774,1,Normal,0,0.004196825387754566,0
0.3215706478478868,-0.2093672388391062,-0.7129485436850859,0.1121673662646156,ext_666,2,Normal,0,0.024117434278213112,0
-0.8330815885897681,-0.2449819880179063,-0.7129485436850859,-0.1100929367696294,ext_848,4,Normal,0,0.08513073802197174,0
-0.5444185294803544,-0.2924683202563065,1.4026257699205102,-0.3138315478843542,ext_528,3,Normal,0,0.06621587184174671,0
-0.5444185294803544,-0.2331104049583063,-0.7129485436850859,0.1121673662646156,ext_563,3,Normal,0,0.05076942766418974,0
0.3215706478478868,-0.150009323541106,-0.7129485436850859,-0.480526775160038,ext_828,2,Normal,0,0.014844760903674481,0
-0.2557554703709406,-0.3399546524947066,-0.7129485436850859,-0.1100929367696294,ext_739,3,Normal,0,0.08447155065224571,0
-0.2557554703709406,-0.1856240727199062,1.4026257699205102,-0.0174844771720273,ext_827,4,Normal,0,0.07034249571161139,0
0.3215706478478868,-0.2805967371967064,1.4026257699205102,-0.7027870781942831,ext_790,1,Normal,0,0.005150779005727468,0
-0.8330815885897681,-0.3755694016735068,-0.7129485436850859,-0.3879183155624359,ext_125,2,Normal,0,0.03242716936645906,0
-0.5444185294803544,-0.3755694016735068,-0.7129485436850859,-0.4620050832405176,ext_393,1,Normal,0,0.05376260990548254,0
-0.8330815885897681,-0.1618809066007061,-0.7129485436850859,0.0566022905060543,ext_467,4,Normal,0,0.016106830169029585,0
-0.2557554703709406,-0.3755694016735068,1.4026257699205102,-0.2582664721257929,ext_343,4,Normal,0,0.03808256095169027,0
-0.2557554703709406,-0.1856240727199062,-0.7129485436850859,-0.7027870781942831,ext_907,3,Normal,0,0.02770140726307313,0
0.0329075887384731,-0.3043399033159065,-0.7129485436850859,-0.0174844771720273,ext_307,2,Normal,0,0.09055167848239637,0
-0.5444185294803544,-0.2805967371967064,1.4026257699205102,-0.4990484670795584,ext_894,1,Normal,0,0.059196929784521235,0
0.3215706478478868,-0.3518262355543067,1.4026257699205102,-0.6657436943552423,ext_291,4,Normal,0,0.016363187527037804,0
-0.5444185294803544,-0.3280830694351066,-0.7129485436850859,-0.7027870781942831,ext_385,3,Normal,0,0.024302477003588674,0
-0.5444185294803544,-0.3755694016735068,-0.7129485436850859,-0.3323532398038746,ext_577,1,Normal,0,0.05511369776905206,0
0.3215706478478868,-0.2805967371967064,1.4026257699205102,-0.0360061690915477,ext_892,3,Normal,0,0.04205671114126697,0
-0.2557554703709406,-0.1974956557795062,-0.7129485436850859,-0.4990484670795584,ext_174,1,Normal,0,0.07543154554150172,0
0.0329075887384731,-0.1856240727199062,1.4026257699205102,-0.610178618596681,ext_905,3,Normal,0,0.035955698493902455,0
-0.2557554703709406,-0.2687251541371064,-0.7129485436850859,-0.3693966236429154,ext_326,2,Normal,0,0.09106603582403255,0
0.0329075887384731,-0.1856240727199062,-0.7129485436850859,-0.5731352347576402,ext_870,3,Normal,0,0.05807040908236738,0
0.3215706478478868,-0.1618809066007061,-0.7129485436850859,-0.6657436943552423,ext_556,3,Normal,0,0.015381281426645632,0
-0.8330815885897681,-0.2449819880179063,-0.7129485436850859,-0.0730495529305886,ext_490,3,Normal,0,0.07971158389021399,0
-0.2557554703709406,-0.1974956557795062,1.4026257699205102,-0.1286146286891498,ext_125,1,Normal,0,0.07939050354359312,0
-0.5444185294803544,-0.2687251541371064,-0.7129485436850859,-0.5916569266771605,ext_403,2,Normal,0,0.0708871519343075,0
-0.8330815885897681,-0.150009323541106,-0.7129485436850859,-0.4620050832405176,ext_891,2,Normal,0,0.014655559142755181,0
-0.8330815885897681,-0.3162114863755065,1.4026257699205102,0.0566022905060543,ext_985,1,Normal,0,0.04496646244140945,0
-0.8330815885897681,-0.2212388218987063,-0.7129485436850859,-0.6657436943552423,ext_864,1,Normal,0,0.022350730816741216,0
4.651516534489094,1.7257007998756997,1.4026257699205102,3.686853906732058,ext_175,1,Suspicious,1,-0.1337133788768362,1
-0.2557554703709406,-0.2331104049583063,1.4026257699205102,-0.1841797044477111,ext_688,4,Normal,0,0.0841565693643096,0
0.0329075887384731,-0.3518262355543067,-0.7129485436850859,0.0566022905060543,ext_543,1,Normal,0,0.06488607374168454,0
-0.8330815885897681,-0.3636978186139067,-0.7129485436850859,-0.1100929367696294,ext_874,1,Normal,0,0.050276762240822004,0
-0.2557554703709406,-0.1618809066007061,-0.7129485436850859,-0.3693966236429154,ext_396,4,Normal,0,0.0569212459374292,0
-0.8330815885897681,-0.2093672388391062,-0.7129485436850859,-0.0730495529305886,ext_490,2,Normal,0,0.06101276079135087,0
0.3215706478478868,-0.2805967371967064,-0.7129485436850859,-0.350874931723395,ext_239,3,Normal,0,0.05945498117367082,0
0.3215706478478868,-0.3399546524947066,-0.7129485436850859,-0.6657436943552423,ext_111,1,Normal,0,0.02239669687515289,0
0.3215706478478868,-0.1856240727199062,-0.7129485436850859,-0.350874931723395,ext_686,2,Normal,0,0.050768189234259964,0
-0.2557554703709406,-0.3162114863755065,1.4026257699205102,0.0566022905060543,ext_866,2,Normal,0,0.0469808079038192,0
0.3215706478478868,-0.2924683202563065,-0.7129485436850859,-0.5731352347576402,ext_264,2,Normal,0,0.04840176301641419,0
-0.8330815885897681,-0.1856240727199062,1.4026257699205102,0.0566022905060543,ext_787,1,Normal,0,0.02336033128394288,0
-0.2557554703709406,-0.3518262355543067,-0.7129485436850859,-0.0174844771720273,ext_397,4,Normal,0,0.07370919694458433,0
-0.5444185294803544,-0.3518262355543067,-0.7129485436850859,0.0195589066670135,ext_438,1,Normal,0,0.04965026193183569,0
0.0329075887384731,-0.2687251541371064,-0.7129485436850859,0.1121673662646156,ext_298,2,Normal,0,0.053851861266154766,0
-0.2557554703709406,-0.2331104049583063,-0.7129485436850859,-0.7027870781942831,ext_679,3,Normal,0,0.03567458479836416,0
0.0329075887384731,-0.2924683202563065,-0.7129485436850859,-0.5546135428381197,ext_352,3,Normal,0,0.08479099151972058,0
0.0329075887384731,-0.2568535710775064,-0.7129485436850859,-0.1286146286891498,ext_998,1,Normal,0,0.10239797356347902,0
-0.8330815885897681,-0.2924683202563065,-0.7129485436850859,-0.0730495529305886,ext_279,2,Normal,0,0.07799709286017814,0
-0.8330815885897681,-0.3636978186139067,-0.7129485436850859,-0.1100929367696294,ext_369,1,Normal,0,0.050276762240822004,0
0.0329075887384731,-0.1737524896603061,-0.7129485436850859,-0.6657436943552423,ext_932,3,Normal,0,0.033663834977671225,0
0.3215706478478868,-0.2093672388391062,-0.7129485436850859,-0.2767881640453133,ext_656,4,Normal,0,0.07066029046761618,0
0.3215706478478868,-0.2805967371967064,-0.7129485436850859,-0.1656580125281907,ext_328,1,Normal,0,0.07736167941191191,0
-0.8330815885897681,-0.3043399033159065,-0.7129485436850859,-0.1100929367696294,ext_506,2,Normal,0,0.08453742259711994,0
0.3215706478478868,-0.1737524896603061,-0.7129485436850859,-0.1471363206086703,ext_556,3,Normal,0,0.0633777890151277,0
0.0329075887384731,-0.3043399033159065,-0.7129485436850859,-0.4064400074819563,ext_141,3,Normal,0,0.08765636070420907,0
2.053549002504369,3.352107679040904,1.4026257699205102,2.7607693107560363,ext_339,4,Suspicious,1,-0.095953110439717,1
-0.8330815885897681,-0.3755694016735068,-0.7129485436850859,-0.5916569266771605,ext_580,3,Normal,0,0.018850198936734563,0
0.3215706478478868,-0.1856240727199062,-0.7129485436850859,-0.2582664721257929,ext_954,4,Normal,0,0.06316126083988632,0
-0.8330815885897681,-0.1974956557795062,-0.7129485436850859,-0.2582664721257929,ext_474,2,Normal,0,0.05624631823635251,0
-0.2557554703709406,-0.2093672388391062,1.4026257699205102,0.001037214747493,ext_628,1,Normal,0,0.07646864875016335,0
0.0329075887384731,-0.3280830694351066,-0.7129485436850859,-0.6287003105162015,ext_613,3,Normal,0,0.0763563512435948,0
-0.5444185294803544,-0.2568535710775064,-0.7129485436850859,0.0751239824255748,ext_316,2,Normal,0,0.05577895243051306,0
-0.8330815885897681,-0.2093672388391062,1.4026257699205102,-0.1471363206086703,ext_524,2,Normal,0,0.05214563156893931,0
0.0329075887384731,-0.3874409847331068,-0.7129485436850859,-0.6657436943552423,ext_704,2,Normal,0,0.018011705072219497,0
-0.5444185294803544,-0.150009323541106,-0.7129485436850859,-0.0360061690915477,ext_687,2,Normal,0,0.02914115117165217,0
-0.5444185294803544,-0.1974956557795062,1.4026257699205102,0.001037214747493,ext_157,1,Normal,0,0.054171742436499415,0
-0.2557554703709406,-0.3636978186139067,-0.7129485436850859,-0.1841797044477111,ext_999,4,Normal,0,0.07460478150591565,0
-0.5444185294803544,-0.2331104049583063,-0.7129485436850859,-0.0174844771720273,ext_988,2,Normal,0,0.08185964192018752,0
-0.2557554703709406,-0.3280830694351066,-0.7129485436850859,-0.1656580125281907,ext_738,1,Normal,0,0.08653137082235829,0
-0.5444185294803544,-0.3518262355543067,-0.7129485436850859,-0.480526775160038,ext_335,4,Normal,0,0.07248864577504949,0
-0.8330815885897681,-0.3280830694351066,1.4026257699205102,0.0195589066670135,ext_946,1,Normal,0,0.05488734878521573,0
0.3215706478478868,-0.3518262355543067,-0.7129485436850859,-0.1471363206086703,ext_998,2,Normal,0,0.062147634926838,0
-0.8330815885897681,-0.150009323541106,1.4026257699205102,-0.091571244850109,ext_717,4,Normal,0,0.01968646854968481,0
0.3215706478478868,-0.2331104049583063,-0.7129485436850859,-0.1471363206086703,ext_479,4,Normal,0,0.07804651132232598,0
0.3215706478478868,-0.3518262355543067,1.4026257699205102,-0.5546135428381197,ext_458,3,Normal,0,0.0262695948804349,0
-0.8330815885897681,-0.2805967371967064,1.4026257699205102,-0.4064400074819563,ext_588,2,Normal,0,0.03623933384446465,0
-0.8330815885897681,-0.1737524896603061,-0.7129485436850859,-0.091571244850109,ext_105,1,Normal,0,0.05067131105818429,0
-0.2557554703709406,-0.2331104049583063,-0.7129485436850859,-0.5916569266771605,ext_484,2,Normal,0,0.07704471461019174,0
-0.2557554703709406,-0.2924683202563065,1.4026257699205102,-0.0360061690915477,ext_536,3,Normal,0,0.07551145982069168,0
0.0329075887384731,-0.3162114863755065,1.4026257699205102,-0.0545278610110681,ext_726,4,Normal,0,0.05015351510033755,0
0.3215706478478868,-0.2093672388391062,-0.7129485436850859,-0.350874931723395,ext_283,3,Normal,0,0.06113413569169729,0
-0.5444185294803544,-0.3518262355543067,-0.7129485436850859,-0.1841797044477111,ext_892,2,Normal,0,0.07915618017128617,0
0.0329075887384731,-0.2687251541371064,-0.7129485436850859,-0.5175701589990789,ext_202,4,Normal,0,0.08559371471433824,0
1.4762228842855418,5.20407463633851,1.4026257699205102,1.7420762551824132,ext_751,4,Suspicious,1,-0.1403723913294772,1
-0.8330815885897681,-0.2924683202563065,-0.7129485436850859,-0.2767881640453133,ext_714,1,Normal,0,0.07448871784944205,0
2.9195381798326108,2.6398126954649026,1.4026257699205102,3.964679285524864,ext_723,3,Suspicious,1,-0.10172776769890657,1
-0.8330815885897681,-0.3280830694351066,1.4026257699205102,-0.1841797044477111,ext_828,1,Normal,0,0.05703550193241014,0
0.3215706478478868,-0.2805967371967064,-0.7129485436850859,-0.6657436943552423,ext_306,2,Normal,0,0.02806104776993079,0
-0.8330815885897681,-0.2568535710775064,-0.7129485436850859,0.0566022905060543,ext_729,1,Normal,0,0.03992302144850357,0
2.342212061613784,4.942899809027309,1.4026257699205102,2.9459862299512407,ext_261,3,Suspicious,1,-0.10997861539198672,1
0.3215706478478868,-0.3162114863755065,-0.7129485436850859,0.1306890581841361,ext_785,1,Normal,0,0.006225278371978504,0
0.3215706478478868,-0.1737524896603061,-0.7129485436850859,-0.2953098559648337,ext_192,3,Normal,0,0.06011453911742609,0
-0.5444185294803544,-0.2212388218987063,1.4026257699205102,-0.0360061690915477,ext_331,1,Normal,0,0.06875646105515315,0
0.3215706478478868,-0.3518262355543067,-0.7129485436850859,-0.1100929367696294,ext_367,3,Normal,0,0.056725792582303924,0
0.3215706478478868,-0.2924683202563065,-0.7129485436850859,0.1121673662646156,ext_448,4,Normal,0,0.028495819174496284,0
-0.5444185294803544,-0.2687251541371064,1.4026257699205102,0.0936456743450952,ext_486,4,Normal,0,0.04853286953384167,0
0.0329075887384731,-0.3518262355543067,-0.7129485436850859,-0.6287003105162015,ext_700,4,Normal,0,0.06772865104024905,0
-0.5444185294803544,-0.3043399033159065,-0.7129485436850859,-0.221223088286752,ext_748,3,Normal,0,0.08821258124106879,0
-0.2557554703709406,-0.3043399033159065,-0.7129485436850859,-0.610178618596681,ext_628,4,Normal,0,0.08450786008042976,0
-0.2557554703709406,-0.3636978186139067,-0.7129485436850859,-0.1471363206086703,ext_789,3,Normal,0,0.07536911896568754,0
0.3215706478478868,-0.2924683202563065,-0.7129485436850859,0.0936456743450952,ext_462,2,Normal,0,0.0347920726207791,0
-0.5444185294803544,-0.3043399033159065,-0.7129485436850859,-0.4620050832405176,ext_610,2,Normal,0,0.08269954598521256,0
0.3215706478478868,-0.2568535710775064,-0.7129485436850859,-0.5916569266771605,ext_307,1,Normal,0,0.04598887557765585,0
0.0329075887384731,-0.1618809066007061,-0.7129485436850859,-0.0730495529305886,ext_180,1,Normal,0,0.062102122176127095,0
0.3215706478478868,-0.2687251541371064,1.4026257699205102,-0.0360061690915477,ext_968,3,Normal,0,0.045169555104108416,0
0.3215706478478868,-0.2924683202563065,1.4026257699205102,-0.4434833913209972,ext_602,2,Normal,0,0.03349660304593516,0
0.0329075887384731,-0.2093672388391062,-0.7129485436850859,-0.1100929367696294,ext_155,3,Normal,0,0.09881017615145682,0
-0.5444185294803544,-0.2212388218987063,-0.7129485436850859,0.1121673662646156,ext_503,4,Normal,0,0.04710018904472929,0
-0.8330815885897681,-0.3162114863755065,1.4026257699205102,-0.0174844771720273,ext_423,1,Normal,0,0.05712574559406253,0
-0.2557554703709406,-0.3280830694351066,-0.7129485436850859,-0.4249616994014767,ext_433,3,Normal,0,0.0817919032025729,0
-0.2557554703709406,-0.2568535710775064,-0.7129485436850859,-0.1286146286891498,ext_582,4,Normal,0,0.09999210580007284,0
-0.2557554703709406,-0.2568535710775064,1.4026257699205102,-0.3879183155624359,ext_315,4,Normal,0,0.07263058602149697,0
0.3215706478478868,-0.3043399033159065,-0.7129485436850859,-0.3879183155624359,ext_284,2,Normal,0,0.05001934243428707,0
0.0329075887384731,-0.3162114863755065,-0.7129485436850859,-0.5360918509185993,ext_668,4,Normal,0,0.0867262073165811,0
2.9195381798326108,3.233391848444904,1.4026257699205102,1.686511179423852,ext_925,3,Suspicious,1,-0.12292736900260637,1
-0.2557554703709406,-0.1856240727199062,-0.7129485436850859,-0.2397447802062724,ext_904,1,Normal,0,0.08702480519036421,0
-0.5444185294803544,-0.2924683202563065,1.4026257699205102,0.0380805985865339,ext_807,1,Normal,0,0.05509150020095188,0
-0.2557554703709406,-0.2568535710775064,-0.7129485436850859,-0.0545278610110681,ext_560,3,Normal,0,0.09130325058368965,0
1.4762228842855418,2.3311515359153017,1.4026257699205102,4.261026356237191,ext_452,2,Suspicious,1,-0.12230956615378707,1
0.3215706478478868,-0.3280830694351066,-0.7129485436850859,-0.2953098559648337,ext_690,3,Normal,0,0.05720376423889595,0
0.0329075887384731,-0.3636978186139067,1.4026257699205102,0.0195589066670135,ext_789,3,Normal,0,0.030871579189961973,0
-0.5444185294803544,-0.3280830694351066,-0.7129485436850859,-0.221223088286752,ext_574,4,Normal,0,0.07682841052286865,0
-0.8330815885897681,-0.3280830694351066,-0.7129485436850859,-0.4434833913209972,ext_969,3,Normal,0,0.0549052503749734,0
-0.2557554703709406,-0.1618809066007061,1.4026257699205102,-0.3879183155624359,ext_424,4,Normal,0,0.05122946703115033,0
-0.2557554703709406,-0.1737524896603061,1.4026257699205102,-0.221223088286752,ext_899,2,Normal,0,0.07168760109744177,0
-0.5444185294803544,-0.3043399033159065,-0.7129485436850859,0.1121673662646156,ext_288,1,Normal,0,0.050854044756553696,0
-0.8330815885897681,-0.3518262355543067,-0.7129485436850859,-0.1471363206086703,ext_315,1,Normal,0,0.06181708847617523,0
0.3215706478478868,-0.3636978186139067,-0.7129485436850859,-0.4064400074819563,ext_126,2,Normal,0,0.037787502958299024,0
0.0329075887384731,-0.2805967371967064,-0.7129485436850859,-0.4249616994014767,ext_186,3,Normal,0,0.08560976986649188,0
-0.5444185294803544,-0.1974956557795062,-0.7129485436850859,-0.6842653862747627,ext_553,1,Normal,0,0.02751159001214165,0
-0.2557554703709406,-0.2093672388391062,1.4026257699205102,-0.0730495529305886,ext_779,3,Normal,0,0.08283078679114775,0
0.3215706478478868,-0.3280830694351066,1.4026257699205102,0.0380805985865339,ext_661,4,Normal,0,0.02638910574448816,0
0.3215706478478868,-0.2805967371967064,-0.7129485436850859,-0.1471363206086703,ext_636,2,Normal,0,0.07729173802103667,0
2.342212061613784,2.4261242003921017,1.4026257699205102,3.001551305709802,ext_924,3,Suspicious,1,-0.09176774452767056,1
-0.8330815885897681,-0.1974956557795062,-0.7129485436850859,-0.2953098559648337,ext_259,3,Normal,0,0.057353752654842105,0
0.0329075887384731,-0.2093672388391062,-0.7129485436850859,-0.7027870781942831,ext_580,4,Normal,0,0.024044283151584245,0
-0.5444185294803544,-0.3874409847331068,-0.7129485436850859,-0.480526775160038,ext_917,4,Normal,0,0.0290125793251661,0
-0.5444185294803544,-0.3280830694351066,1.4026257699205102,-0.2582664721257929,ext_674,2,Normal,0,0.061517492589021394,0
4.074190416270266,1.6544713015180994,1.4026257699205102,3.5016369875368536,ext_369,3,Suspicious,1,-0.10529513774886956,1
0.3215706478478868,-0.2924683202563065,1.4026257699205102,-0.480526775160038,ext_391,1,Normal,0,0.03790596282484193,0
-0.8330815885897681,-0.150009323541106,1.4026257699205102,0.0195589066670135,ext_286,4,Normal,0,0.011802418132760839,0
0.0329075887384731,-0.3162114863755065,-0.7129485436850859,-0.6842653862747627,ext_378,2,Normal,0,0.0565572449095369,0
-0.8330815885897681,-0.3280830694351066,-0.7129485436850859,-0.3693966236429154,ext_150,3,Normal,0,0.058082868974121904,0
-0.8330815885897681,-0.3043399033159065,-0.7129485436850859,-0.5360918509185993,ext_228,1,Normal,0,0.05973137592025257,0
0.0329075887384731,-0.2805967371967064,1.4026257699205102,-0.2767881640453133,ext_605,4,Normal,0,0.06100155284806408,0
-0.2557554703709406,-0.3636978186139067,-0.7129485436850859,-0.6472220024357218,ext_813,3,Normal,0,0.04969426547893058,0
0.3215706478478868,-0.2093672388391062,-0.7129485436850859,-0.480526775160038,ext_894,3,Normal,0,0.056815466714348395,0
-0.8330815885897681,-0.3518262355543067,-0.7129485436850859,-0.2582664721257929,ext_936,4,Normal,0,0.05369061790542268,0
-0.8330815885897681,-0.3162114863755065,1.4026257699205102,-0.5916569266771605,ext_353,2,Normal,0,0.00920801563485063,0
-0.2557554703709406,-0.2687251541371064,-0.7129485436850859,0.0380805985865339,ext_584,1,Normal,0,0.07694159787213245,0
0.3215706478478868,-0.3518262355543067,-0.7129485436850859,-0.1471363206086703,ext_862,3,Normal,0,0.062147634926838,0
-0.8330815885897681,-0.3162114863755065,-0.7129485436850859,-0.4249616994014767,ext_303,4,Normal,0,0.06390129045777232,0
4.651516534489094,1.8800313796505,1.4026257699205102,3.8165057501687008,ext_432,1,Suspicious,1,-0.1382984611723378,1
-0.8330815885897681,-0.3755694016735068,1.4026257699205102,0.1121673662646156,ext_505,2,Normal,0,4.135476003086502e-05,0
-0.5444185294803544,-0.3280830694351066,1.4026257699205102,-0.610178618596681,ext_480,3,Normal,0,0.04268256446501745,0
-0.8330815885897681,-0.2568535710775064,-0.7129485436850859,0.1121673662646156,ext_877,1,Normal,0,0.03016803434028048,0
-0.2557554703709406,-0.1856240727199062,-0.7129485436850859,-0.1841797044477111,ext_228,2,Normal,0,0.08764998424982762,0
-0.2557554703709406,-0.3399546524947066,-0.7129485436850859,-0.6657436943552423,ext_121,4,Normal,0,0.05722932326264346,0
-0.2557554703709406,-0.1856240727199062,1.4026257699205102,-0.480526775160038,ext_823,2,Normal,0,0.058578983071443824,0
0.0329075887384731,-0.2924683202563065,-0.7129485436850859,-0.6287003105162015,ext_656,2,Normal,0,0.07623908144975355,0
-0.2557554703709406,-0.1856240727199062,-0.7129485436850859,-0.1656580125281907,ext_560,1,Normal,0,0.08904501749366656,0
0.0329075887384731,-0.3280830694351066,-0.7129485436850859,0.0195589066670135,ext_894,3,Normal,0,0.07923935997162213,0
-0.2557554703709406,-0.3636978186139067,1.4026257699205102,-0.480526775160038,ext_894,4,Normal,0,0.04215035055275124,0
0.3215706478478868,-0.2805967371967064,-0.7129485436850859,-0.221223088286752,ext_884,3,Normal,0,0.08141648375178323,0
4.074190416270266,0.6097719922732961,1.4026257699205102,1.260512265274882,ext_213,2,Suspicious,1,-0.1482644966135187,1
-0.5444185294803544,-0.3518262355543067,1.4026257699205102,-0.480526775160038,ext_282,1,Normal,0,0.0429850183756918,0
0.0329075887384731,-0.2093672388391062,-0.7129485436850859,-0.6472220024357218,ext_132,3,Normal,0,0.05263008200854552,0
-0.8330815885897681,-0.3874409847331068,-0.7129485436850859,0.0566022905060543,ext_326,4,Normal,0,-0.014902074496886075,1
4.651516534489094,4.088145828736106,1.4026257699205102,1.3345990329529638,ext_952,3,Suspicious,1,-0.17619442735174662,1
0.0329075887384731,-0.2568535710775064,-0.7129485436850859,0.0195589066670135,ext_671,3,Normal,0,0.08506223952384084,0
1.4762228842855418,5.27530413469611,1.4026257699205102,2.4829439319632303,ext_641,1,Suspicious,1,-0.13416414186441794,1
-0.8330815885897681,-0.3518262355543067,-0.7129485436850859,-0.0730495529305886,ext_321,4,Normal,0,0.05291846142699791,0
-0.5444185294803544,-0.1737524896603061,-0.7129485436850859,-0.0545278610110681,ext_294,4,Normal,0,0.06322986995599672,0
0.3215706478478868,-0.2568535710775064,1.4026257699205102,0.1121673662646156,ext_864,4,Normal,0,0.023083411583421642,0
-0.5444185294803544,-0.1856240727199062,1.4026257699205102,-0.1100929367696294,ext_206,3,Normal,0,0.055707844822851404,0
0.3215706478478868,-0.2212388218987063,-0.7129485436850859,-0.3323532398038746,ext_773,3,Normal,0,0.06426129231330141,0
0.0329075887384731,-0.2687251541371064,-0.7129485436850859,-0.0360061690915477,ext_965,2,Normal,0,0.09565309875611433,0
-0.2557554703709406,-0.2568535710775064,1.4026257699205102,-0.1841797044477111,ext_484,4,Normal,0,0.0838073045540551,0
-0.2557554703709406,-0.1618809066007061,-0.7129485436850859,-0.091571244850109,ext_100,2,Normal,0,0.06625667055011325,0
2.053549002504369,1.500140721743299,1.4026257699205102,2.538509007721792,ext_409,1,Suspicious,1,-0.09403028826527493,1
-0.2557554703709406,-0.1856240727199062,-0.7129485436850859,-0.5916569266771605,ext_890,1,Normal,0,0.0686281406552271,0
-0.5444185294803544,-0.2924683202563065,-0.7129485436850859,-0.0174844771720273,ext_571,2,Normal,0,0.07806560487446995,0
-0.2557554703709406,-0.3636978186139067,1.4026257699205102,-0.0360061690915477,ext_338,2,Normal,0,0.045752240736222305,0
2.6308751207231973,5.014129307384909,1.4026257699205102,3.3349417602611697,ext_851,2,Suspicious,1,-0.12409684702495083,1
0.3215706478478868,-0.3518262355543067,-0.7129485436850859,-0.6657436943552423,ext_599,4,Normal,0,0.013868340226267595,0
-0.2557554703709406,-0.2568535710775064,1.4026257699205102,-0.221223088286752,ext_180,1,Normal,0,0.08451347047215352,0
0.3215706478478868,-0.3874409847331068,1.4026257699205102,-0.6472220024357218,ext_990,3,Normal,0,-0.005250849627030485,1
3.4968642980514386,3.637025672471305,1.4026257699205102,1.7605979471019335,ext_636,3,Suspicious,1,-0.12865485119686038,1
-0.5444185294803544,-0.3755694016735068,1.4026257699205102,-0.1841797044477111,ext_614,1,Normal,0,0.03701084103554886,0
0.0329075887384731,-0.3399546524947066,-0.7129485436850859,-0.3138315478843542,ext_327,1,Normal,0,0.08602886897939843,0
-0.8330815885897681,-0.1856240727199062,1.4026257699205102,-0.4064400074819563,ext_587,1,Normal,0,0.01808189695292861,0
-0.5444185294803544,-0.3399546524947066,1.4026257699205102,-0.0545278610110681,ext_508,2,Normal,0,0.05539753364846545,0
0.3215706478478868,-0.3162114863755065,-0.7129485436850859,-0.4249616994014767,ext_599,1,Normal,0,0.04511491986496935,0
-0.2557554703709406,-0.1737524896603061,-0.7129485436850859,-0.5731352347576402,ext_372,4,Normal,0,0.06574786255216741,0
-0.5444185294803544,-0.2687251541371064,-0.7129485436850859,0.001037214747493,ext_533,1,Normal,0,0.07288477647110009,0
-0.2557554703709406,-0.1618809066007061,1.4026257699205102,0.0195589066670135,ext_888,2,Normal,0,0.05107187360494453,0
2.053549002504369,1.4170396403260987,1.4026257699205102,4.298069740076232,ext_551,3,Suspicious,1,-0.11535541659430648,1
-0.8330815885897681,-0.3518262355543067,-0.7129485436850859,-0.4249616994014767,ext_259,2,Normal,0,0.04978004552282039,0
-0.2557554703709406,-0.3874409847331068,-0.7129485436850859,0.1121673662646156,ext_989,1,Normal,0,0.0034189986363315494,0
-0.8330815885897681,-0.2687251541371064,-0.7129485436850859,-0.0730495529305886,ext_412,2,Normal,0,0.0730913418045358,0
-0.2557554703709406,-0.1856240727199062,1.4026257699205102,0.0195589066670135,ext_308,2,Normal,0,0.06225883837295959,0
-0.8330815885897681,-0.2449819880179063,-0.7129485436850859,-0.4064400074819563,ext_811,2,Normal,0,0.06752947026526451,0
0.3215706478478868,-0.2924683202563065,-0.7129485436850859,-0.1656580125281907,ext_161,1,Normal,0,0.07295610961872939,0
-0.2557554703709406,-0.2568535710775064,-0.7129485436850859,-0.6842653862747627,ext_168,3,Normal,0,0.05304898887265641,0
0.0329075887384731,-0.3043399033159065,1.4026257699205102,-0.1100929367696294,ext_988,1,Normal,0,0.06106716276778906,0
0.3215706478478868,-0.1856240727199062,-0.7129485436850859,-0.4990484670795584,ext_423,2,Normal,0,0.04856813641991836,0
0.3215706478478868,-0.3874409847331068,-0.7129485436850859,-0.4249616994014767,ext_612,3,Normal,0,0.007421958692198749,0
-0.5444185294803544,-0.3874409847331068,-0.7129485436850859,0.0936456743450952,ext_441,3,Normal,0,0.002979986326067219,0
-0.5444185294803544,-0.1974956557795062,-0.7129485436850859,-0.6472220024357218,ext_463,3,Normal,0,0.04705035867061985,0
-0.8330815885897681,-0.1856240727199062,-0.7129485436850859,-0.4434833913209972,ext_999,2,Normal,0,0.04391687716480064,0
-0.5444185294803544,-0.3636978186139067,1.4026257699205102,-0.091571244850109,ext_449,2,Normal,0,0.04635869302986345,0
-0.5444185294803544,-0.2331104049583063,-0.7129485436850859,0.001037214747493,ext_527,3,Normal,0,0.07778434809811369,0
-0.5444185294803544,-0.150009323541106,-0.7129485436850859,-0.0174844771720273,ext_559,2,Normal,0,0.02708621141208367,0
0.3215706478478868,-0.3399546524947066,1.4026257699205102,-0.5360918509185993,ext_983,2,Normal,0,0.035086012252310006,0
3.4968642980514386,4.574880734179708,1.4026257699205102,1.6124244117457702,ext_425,2,Suspicious,1,-0.14222511828241724,1
-0.5444185294803544,-0.3874409847331068,-0.7129485436850859,-0.221223088286752,ext_425,4,Normal,0,0.0372758104509292,0
-0.2557554703709406,-0.3399546524947066,-0.7129485436850859,-0.5916569266771605,ext_410,2,Normal,0,0.07873847684356156,0
3.785527357160852,3.9456868320209058,1.4026257699205102,2.3162487046875464,ext_289,2,Suspicious,1,-0.12410819659535122,1
-0.8330815885897681,-0.2568535710775064,-0.7129485436850859,0.1121673662646156,ext_710,4,Normal,0,0.03016803434028048,0
0.3215706478478868,-0.2093672388391062,-0.7129485436850859,-0.4990484670795584,ext_237,4,Normal,0,0.055197581242681815,0
-0.5444185294803544,-0.3162114863755065,-0.7129485436850859,-0.6657436943552423,ext_603,4,Normal,0,0.04754437636998904,0
-0.2557554703709406,-0.2331104049583063,-0.7129485436850859,0.0751239824255748,ext_882,2,Normal,0,0.06389235164540757,0
-0.5444185294803544,-0.2212388218987063,1.4026257699205102,0.1121673662646156,ext_875,3,Normal,0,0.0375038642758565,0
-0.5444185294803544,-0.2331104049583063,1.4026257699205102,-0.6657436943552423,ext_987,4,Normal,0,0.03355312653729925,0
0.3215706478478868,-0.1737524896603061,-0.7129485436850859,-0.091571244850109,ext_837,1,Normal,0,0.05600043585639558,0
-0.8330815885897681,-0.3043399033159065,1.4026257699205102,-0.6657436943552423,ext_562,4,Normal,0,-0.005093948410931248,1
-0.8330815885897681,-0.3162114863755065,-0.7129485436850859,-0.1841797044477111,ext_628,4,Normal,0,0.07279855631494236,0
-0.2557554703709406,-0.2212388218987063,-0.7129485436850859,-0.2027013963672316,ext_411,3,Normal,0,0.09379179072121735,0
0.3215706478478868,-0.3399546524947066,1.4026257699205102,0.0566022905060543,ext_727,4,Normal,0,0.017135189522827443,0
-0.8330815885897681,-0.3280830694351066,-0.7129485436850859,-0.2397447802062724,ext_192,4,Normal,0,0.060260624250991435,0
-0.5444185294803544,-0.2212388218987063,-0.7129485436850859,-0.1656580125281907,ext_431,1,Normal,0,0.08234171194724227,0
-0.5444185294803544,-0.3518262355543067,-0.7129485436850859,-0.5731352347576402,ext_356,4,Normal,0,0.06462205993219539,0
0.3215706478478868,-0.2449819880179063,-0.7129485436850859,-0.2582664721257929,ext_749,4,Normal,0,0.0779083577317991,0
-0.2557554703709406,-0.1737524896603061,-0.7129485436850859,-0.5175701589990789,ext_144,2,Normal,0,0.06515315730251953,0
-0.8330815885897681,-0.2331104049583063,-0.7129485436850859,-0.350874931723395,ext_283,4,Normal,0,0.05996190394173323,0
-0.8330815885897681,-0.3399546524947066,-0.7129485436850859,-0.7027870781942831,ext_395,3,Normal,0,-0.003231339194102789,1
0.0329075887384731,-0.1856240727199062,-0.7129485436850859,0.001037214747493,ext_112,4,Normal,0,0.08214734870267115,0
0.0329075887384731,-0.2212388218987063,1.4026257699205102,-0.1841797044477111,ext_343,1,Normal,0,0.0697282607802654,0
-0.5444185294803544,-0.1856240727199062,-0.7129485436850859,0.0195589066670135,ext_715,2,Normal,0,0.05617772685143896,0
-0.8330815885897681,-0.150009323541106,-0.7129485436850859,-0.6657436943552423,ext_150,2,Normal,0,-0.007132879566478123,1
3.785527357160852,5.29904730081531,1.4026257699205102,3.909114209766303,ext_974,3,Suspicious,1,-0.1578326027091984,1
-0.8330815885897681,-0.3518262355543067,1.4026257699205102,-0.4990484670795584,ext_439,2,Normal,0,0.016111104602772208,0
0.3215706478478868,-0.1737524896603061,-0.7129485436850859,-0.1656580125281907,ext_788,3,Normal,0,0.06322537327729649,0
2.342212061613784,2.164949373080901,1.4026257699205102,2.7978126945950774,ext_136,4,Suspicious,1,-0.0905099912135926,1
2.9195381798326108,5.32279046693451,1.4026257699205102,3.649810522893017,ext_939,1,Suspicious,1,-0.14113594531212115,1
-0.8330815885897681,-0.2924683202563065,-0.7129485436850859,-0.091571244850109,ext_399,4,Normal,0,0.08209285138557576,0
-0.5444185294803544,-0.1618809066007061,-0.7129485436850859,-0.5916569266771605,ext_637,1,Normal,0,0.04351648550091014,0
0.3215706478478868,-0.2805967371967064,1.4026257699205102,0.001037214747493,ext_595,3,Normal,0,0.036702389640372424,0
0.3215706478478868,-0.2568535710775064,-0.7129485436850859,0.0195589066670135,ext_365,4,Normal,0,0.05440601095739389,0
0.0329075887384731,-0.2093672388391062,-0.7129485436850859,0.0195589066670135,ext_632,2,Normal,0,0.08749708295789316,0
-0.5444185294803544,-0.3874409847331068,-0.7129485436850859,-0.6842653862747627,ext_825,4,Normal,0,-0.009797468891758587,1
-0.5444185294803544,-0.1618809066007061,1.4026257699205102,-0.221223088286752,ext_740,1,Normal,0,0.04528010528683607,0
-0.5444185294803544,-0.3874409847331068,-0.7129485436850859,0.1121673662646156,ext_441,3,Normal,0,0.0009314516479937973,0
-0.2557554703709406,-0.2805967371967064,-0.7129485436850859,-0.7027870781942831,ext_360,1,Normal,0,0.04846828030193151,0
0.0329075887384731,-0.1737524896603061,-0.7129485436850859,-0.4990484670795584,ext_802,2,Normal,0,0.05579322968592154,0
0.0329075887384731,-0.2093672388391062,-0.7129485436850859,0.0566022905060543,ext_438,2,Normal,0,0.07541898173694689,0
0.0329075887384731,-0.1856240727199062,-0.7129485436850859,-0.1656580125281907,ext_593,4,Normal,0,0.09056739706070521,0
3.4968642980514386,2.0224903763657007,1.4026257699205102,3.7238972905710983,ext_860,3,Suspicious,1,-0.09087009529719636,1
-0.5444185294803544,-0.1737524896603061,-0.7129485436850859,-0.2953098559648337,ext_668,1,Normal,0,0.05917953698277567,0
-0.8330815885897681,-0.2687251541371064,1.4026257699205102,0.0380805985865339,ext_252,2,Normal,0,0.04899220704956747,0
-0.5444185294803544,-0.1618809066007061,-0.7129485436850859,-0.350874931723395,ext_684,3,Normal,0,0.05165147430482531,0
2.9195381798326108,0.7284878228692966,1.4026257699205102,3.409028527939252,ext_826,2,Suspicious,1,-0.1027690172341521,1
-0.2557554703709406,-0.3162114863755065,-0.7129485436850859,-0.4990484670795584,ext_480,1,Normal,0,0.08708830827638786,0
-0.5444185294803544,-0.3636978186139067,1.4026257699205102,-0.1100929367696294,ext_483,1,Normal,0,0.04702848890712191,0
0.3215706478478868,-0.3399546524947066,-0.7129485436850859,-0.3138315478843542,ext_918,4,Normal,0,0.04791837220405076,0
-0.2557554703709406,-0.2687251541371064,-0.7129485436850859,-0.5916569266771605,ext_850,2,Normal,0,0.08793537201699764,0
0.0329075887384731,-0.2449819880179063,-0.7129485436850859,-0.7027870781942831,ext_310,3,Normal,0,0.036710400136769517,0
0.3215706478478868,-0.3636978186139067,-0.7129485436850859,-0.1656580125281907,ext_145,1,Normal,0,0.05210611045699087,0
-0.2557554703709406,-0.3874409847331068,-0.7129485436850859,0.0380805985865339,ext_205,2,Normal,0,0.023855975636364768,0
-0.2557554703709406,-0.2924683202563065,-0.7129485436850859,-0.1841797044477111,ext_428,1,Normal,0,0.1029139489319632,0
-0.2557554703709406,-0.3518262355543067,-0.7129485436850859,0.0195589066670135,ext_379,1,Normal,0,0.0632329143815652,0
0.3215706478478868,-0.2687251541371064,-0.7129485436850859,-0.5360918509185993,ext_311,3,Normal,0,0.05298305148192112,0
-0.8330815885897681,-0.2805967371967064,-0.7129485436850859,-0.0730495529305886,ext_687,4,Normal,0,0.0764585735001434,0
0.0329075887384731,-0.3755694016735068,-0.7129485436850859,-0.2582664721257929,ext_151,1,Normal,0,0.07288513849324574,0
-0.5444185294803544,-0.1618809066007061,1.4026257699205102,0.0195589066670135,ext_188,3,Normal,0,0.035759445067696904,0
-0.5444185294803544,-0.1856240727199062,-0.7129485436850859,-0.1656580125281907,ext_419,2,Normal,0,0.07070022923094493,0
0.0329075887384731,-0.3518262355543067,1.4026257699205102,-0.350874931723395,ext_195,4,Normal,0,0.03705273311866386,0
-0.5444185294803544,-0.3399546524947066,-0.7129485436850859,-0.2767881640453133,ext_581,4,Normal,0,0.07948243494270191,0
-0.2557554703709406,-0.2687251541371064,1.4026257699205102,-0.1286146286891498,ext_287,1,Normal,0,0.08223629869317545,0
-0.2557554703709406,-0.2093672388391062,1.4026257699205102,-0.5175701589990789,ext_166,3,Normal,0,0.07261128854026949,0
0.3215706478478868,-0.3399546524947066,-0.7129485436850859,-0.2397447802062724,ext_886,1,Normal,0,0.06057231295343557,0
-0.8330815885897681,-0.2805967371967064,1.4026257699205102,-0.2397447802062724,ext_433,4,Normal,0,0.047099156779371765,0
0.3215706478478868,-0.3280830694351066,1.4026257699205102,-0.2582664721257929,ext_344,1,Normal,0,0.04112936350892915,0
0.3215706478478868,-0.2331104049583063,1.4026257699205102,-0.0360061690915477,ext_448,3,Normal,0,0.04774048370298223,0
-0.5444185294803544,-0.3636978186139067,1.4026257699205102,-0.5731352347576402,ext_657,4,Normal,0,0.029698899376040644,0
0.0329075887384731,-0.3280830694351066,-0.7129485436850859,-0.2397447802062724,ext_433,1,Normal,0,0.09759267025062107,0
0.3215706478478868,-0.2449819880179063,-0.7129485436850859,-0.1286146286891498,ext_712,1,Normal,0,0.07754113359056641,0
-0.5444185294803544,-0.1737524896603061,-0.7129485436850859,-0.5360918509185993,ext_192,2,Normal,0,0.05778681267087399,0
0.0329075887384731,-0.1618809066007061,1.4026257699205102,-0.480526775160038,ext_563,2,Normal,0,0.031845388580219125,0
-0.2557554703709406,-0.1737524896603061,-0.7129485436850859,-0.2027013963672316,ext_797,3,Normal,0,0.08019370735852827,0
0.3215706478478868,-0.1974956557795062,1.4026257699205102,-0.5546135428381197,ext_191,3,Normal,0,0.027660684817628622,0
0.3215706478478868,-0.3755694016735068,-0.7129485436850859,0.1306890581841361,ext_163,3,Normal,0,-0.004602205037537943,1
-0.8330815885897681,-0.3043399033159065,1.4026257699205102,0.1121673662646156,ext_212,4,Normal,0,0.02956061867496884,0
0.0329075887384731,-0.2449819880179063,1.4026257699205102,-0.2027013963672316,ext_740,2,Normal,0,0.07147257443626737,0
-0.5444185294803544,-0.3162114863755065,1.4026257699205102,-0.2767881640453133,ext_778,4,Normal,0,0.061794308851097934,0
-0.5444185294803544,-0.3399546524947066,-0.7129485436850859,-0.6287003105162015,ext_257,1,Normal,0,0.06487052020765105,0
0.0329075887384731,-0.2331104049583063,-0.7129485436850859,-0.610178618596681,ext_247,2,Normal,0,0.06668577782142471,0
0.0329075887384731,-0.1618809066007061,1.4026257699205102,0.0195589066670135,ext_757,2,Normal,0,0.037443587699751535,0
0.3215706478478868,-0.2212388218987063,1.4026257699205102,-0.2953098559648337,ext_565,2,Normal,0,0.05307987663437841,0
-0.8330815885897681,-0.1737524896603061,1.4026257699205102,-0.4249616994014767,ext_290,3,Normal,0,0.013015942503948108,0
0.3215706478478868,-0.2568535710775064,-0.7129485436850859,-0.6657436943552423,ext_520,4,Normal,0,0.029079011682924927,0
0.3215706478478868,-0.2093672388391062,-0.7129485436850859,-0.5360918509185993,ext_821,3,Normal,0,0.05265055485361525,0
0.3215706478478868,-0.1618809066007061,-0.7129485436850859,-0.4249616994014767,ext_576,4,Normal,0,0.041219677598019366,0
-0.8330815885897681,-0.150009323541106,-0.7129485436850859,0.0195589066670135,ext_745,1,Normal,0,0.00046616920047670707,0
-0.8330815885897681,-0.2093672388391062,1.4026257699205102,-0.1100929367696294,ext_451,4,Normal,0,0.052740429251092125,0
0.0329075887384731,-0.2568535710775064,-0.7129485436850859,-0.3693966236429154,ext_687,2,Normal,0,0.0870037254929078,0
0.3215706478478868,-0.2805967371967064,-0.7129485436850859,-0.6472220024357218,ext_136,4,Normal,0,0.03541888573642493,0
-0.8330815885897681,-0.2805967371967064,-0.7129485436850859,-0.3693966236429154,ext_692,4,Normal,0,0.069210978850555,0
-0.8330815885897681,-0.2924683202563065,-0.7129485436850859,-0.5546135428381197,ext_184,3,Normal,0,0.04914936765594702,0
-0.8330815885897681,-0.3518262355543067,-0.7129485436850859,-0.0174844771720273,ext_381,2,Normal,0,0.044052833630541466,0
-0.5444185294803544,-0.2924683202563065,-0.7129485436850859,-0.1286146286891498,ext_774,2,Normal,0,0.086675999855167,0
-0.8330815885897681,-0.2687251541371064,-0.7129485436850859,-0.5360918509185993,ext_918,2,Normal,0,0.061555851403015005,0
0.0329075887384731,-0.2449819880179063,-0.7129485436850859,0.0751239824255748,ext_957,4,Normal,0,0.07266992466015004,0
-0.5444185294803544,-0.1737524896603061,-0.7129485436850859,-0.6472220024357218,ext_843,3,Normal,0,0.039298740640226315,0
-0.8330815885897681,-0.3280830694351066,1.4026257699205102,-0.2397447802062724,ext_873,4,Normal,0,0.044879266648380156,0
0.3215706478478868,-0.3043399033159065,1.4026257699205102,0.0936456743450952,ext_408,4,Normal,0,0.0226962325766652,0
0.3215706478478868,-0.2331104049583063,-0.7129485436850859,-0.3693966236429154,ext_585,4,Normal,0,0.06041402861338463,0
0.3215706478478868,-0.3755694016735068,-0.7129485436850859,-0.0730495529305886,ext_491,3,Normal,0,0.03493869310615516,0
-0.2557554703709406,-0.2687251541371064,-0.7129485436850859,-0.3879183155624359,ext_964,1,Normal,0,0.09167320423703235,0
0.0329075887384731,-0.2212388218987063,-0.7129485436850859,0.0936456743450952,ext_361,2,Normal,0,0.06438046610683174,0
-0.5444185294803544,-0.2687251541371064,-0.7129485436850859,0.0936456743450952,ext_632,1,Normal,0,0.051971778795775914,0
2.9195381798326108,0.7997173212268969,1.4026257699205102,3.5386803713758943,ext_951,1,Suspicious,1,-0.10102728578034115,1
-0.5444185294803544,-0.2805967371967064,-0.7129485436850859,-0.480526775160038,ext_801,1,Normal,0,0.07828226433217572,0
-0.8330815885897681,-0.1618809066007061,-0.7129485436850859,0.001037214747493,ext_124,1,Normal,0,0.029728332013834846,0
-0.8330815885897681,-0.1618809066007061,-0.7129485436850859,-0.2582664721257929,ext_825,2,Normal,0,0.036323204155145894,0
-0.2557554703709406,-0.2805967371967064,1.4026257699205102,0.0751239824255748,ext_213,1,Normal,0,0.06132953086750831,0
-0.2557554703709406,-0.2331104049583063,-0.7129485436850859,-0.4064400074819563,ext_754,2,Normal,0,0.08347150129045078,0
4.651516534489094,0.5741572430944961,1.4026257699205102,2.8533777703536387,ext_899,4,Suspicious,1,-0.15075513063516321,1
-0.2557554703709406,-0.2924683202563065,-0.7129485436850859,-0.1841797044477111,ext_440,1,Normal,0,0.1029139489319632,0
-0.5444185294803544,-0.1618809066007061,1.4026257699205102,-0.4990484670795584,ext_603,4,Normal,0,0.03693968643731238,0
0.0329075887384731,-0.3162114863755065,-0.7129485436850859,-0.1841797044477111,ext_211,3,Normal,0,0.09577504911455009,0
1.4762228842855418,3.672640421650105,1.4026257699205102,4.501808351190957,ext_205,3,Suspicious,1,-0.14904754034703038,1
0.0329075887384731,-0.3399546524947066,-0.7129485436850859,-0.6657436943552423,ext_895,4,Normal,0,0.060459706142963976,0
-0.2557554703709406,-0.2449819880179063,-0.7129485436850859,-0.1100929367696294,ext_372,4,Normal,0,0.1026040285937746,0
-0.8330815885897681,-0.1856240727199062,-0.7129485436850859,-0.7027870781942831,ext_589,4,Normal,0,-0.0003721928402782293,1
0.0329075887384731,-0.3518262355543067,-0.7129485436850859,-0.3138315478843542,ext_805,3,Normal,0,0.08224068716865574,0
4.074190416270266,0.7522309889884966,1.4026257699205102,2.779291002675557,ext_510,3,Suspicious,1,-0.12585844620757158,1
-0.2557554703709406,-0.150009323541106,-0.7129485436850859,-0.4990484670795584,ext_182,1,Normal,0,0.023850320641028877,0
-0.2557554703709406,-0.2449819880179063,-0.7129485436850859,0.0380805985865339,ext_493,3,Normal,0,0.0820267503311517,0
4.074190416270266,2.865372773597303,1.4026257699205102,4.538851735029997,ext_598,2,Suspicious,1,-0.14445659557569446,1
1.187559825176128,4.574880734179708,1.4026257699205102,3.8535491340077415,ext_243,2,Suspicious,1,-0.147197224066136,1
0.3215706478478868,-0.150009323541106,-0.7129485436850859,-0.1286146286891498,ext_600,4,Normal,0,0.026304325491983915,0
1.187559825176128,2.248050454498101,1.4026257699205102,4.464764967351916,ext_116,1,Suspicious,1,-0.14440640142520111,1
0.3215706478478868,-0.2212388218987063,-0.7129485436850859,-0.0174844771720273,ext_515,2,Normal,0,0.05934360179936182,0
1.7648859433949555,3.174033933146904,1.4026257699205102,4.1498962047200685,ext_173,1,Suspicious,1,-0.1239328118763029,1
0.3215706478478868,-0.3755694016735068,-0.7129485436850859,0.1121673662646156,ext_582,2,Normal,0,0.002346175558415542,0
-0.8330815885897681,-0.2805967371967064,-0.7129485436850859,-0.1656580125281907,ext_114,2,Normal,0,0.08020542489683613,0
-0.8330815885897681,-0.3518262355543067,1.4026257699205102,0.001037214747493,ext_955,2,Normal,0,0.04386805379287717,0
0.0329075887384731,-0.2687251541371064,1.4026257699205102,-0.3323532398038746,ext_164,1,Normal,0,0.06167328426667479,0
-0.5444185294803544,-0.2687251541371064,-0.7129485436850859,-0.6657436943552423,ext_800,2,Normal,0,0.04414923325400549,0
2.342212061613784,1.0608921485380975,1.4026257699205102,4.6314601946276,ext_443,4,Suspicious,1,-0.12340551994579685,1
0.3215706478478868,-0.3280830694351066,1.4026257699205102,-0.4249616994014767,ext_272,1,Normal,0,0.03203732270292459,0
4.074190416270266,3.921943665901706,1.4026257699205102,2.834856078434118,ext_236,2,Suspicious,1,-0.13001684202399322,1
-0.8330815885897681,-0.3874409847331068,-0.7129485436850859,-0.4990484670795584,ext_116,1,Normal,0,-0.0016798956531217657,1
-0.2557554703709406,-0.2331104049583063,1.4026257699205102,0.1121673662646156,ext_823,2,Normal,0,0.05300078082594578,0
-0.2557554703709406,-0.1974956557795062,1.4026257699205102,-0.221223088286752,ext_311,2,Normal,0,0.07945748741113035,0
-0.8330815885897681,-0.1618809066007061,-0.7129485436850859,0.1306890581841361,ext_278,4,Normal,0,-0.0026515195574546846,1
-0.2557554703709406,-0.2568535710775064,1.4026257699205102,-0.7027870781942831,ext_726,2,Normal,0,0.03161069143526296,0
0.3215706478478868,-0.3518262355543067,-0.7129485436850859,-0.0730495529305886,ext_296,2,Normal,0,0.04985811325778461,0
-0.5444185294803544,-0.2924683202563065,-0.7129485436850859,-0.480526775160038,ext_575,1,Normal,0,0.08021570057095373,0
0.0329075887384731,-0.2093672388391062,-0.7129485436850859,-0.5175701589990789,ext_915,1,Normal,0,0.07100770039246723,0
-0.2557554703709406,-0.3162114863755065,1.4026257699205102,-0.4064400074819563,ext_155,3,Normal,0,0.0611083245917296,0
0.0329075887384731,-0.3755694016735068,-0.7129485436850859,-0.6472220024357218,ext_731,2,Normal,0,0.046217230209592064,0
0.0329075887384731,-0.1974956557795062,-0.7129485436850859,-0.6287003105162015,ext_261,2,Normal,0,0.05458219536523701,0
0.3215706478478868,-0.2687251541371064,1.4026257699205102,-0.480526775160038,ext_838,3,Normal,0,0.037628897766859515,0
-0.2557554703709406,-0.3043399033159065,-0.7129485436850859,-0.4249616994014767,ext_335,4,Normal,0,0.09275684398486927,0
-0.5444185294803544,-0.3636978186139067,1.4026257699205102,-0.0174844771720273,ext_990,4,Normal,0,0.04314899240398945,0
-0.5444185294803544,-0.3162114863755065,1.4026257699205102,-0.4990484670795584,ext_155,4,Normal,0,0.05346542094841966,0
-0.5444185294803544,-0.150009323541106,-0.7129485436850859,-0.3879183155624359,ext_482,2,Normal,0,0.03277148886661796,0
0.3215706478478868,-0.3755694016735068,-0.7129485436850859,-0.5546135428381197,ext_443,1,Normal,0,0.031329239428959044,0
0.0329075887384731,-0.3280830694351066,-0.7129485436850859,-0.4434833913209972,ext_972,3,Normal,0,0.082639861129853,0
0.3215706478478868,-0.3280830694351066,-0.7129485436850859,-0.610178618596681,ext_718,4,Normal,0,0.041036594704277674,0
-0.5444185294803544,-0.1737524896603061,1.4026257699205102,-0.1656580125281907,ext_977,3,Normal,0,0.05320918103622346,0
-0.5444185294803544,-0.3043399033159065,-0.7129485436850859,-0.2027013963672316,ext_114,2,Normal,0,0.08747771670792626,0
0.3215706478478868,-0.3874409847331068,1.4026257699205102,-0.6657436943552423,ext_705,1,Normal,0,-0.005991436359637392,1
